{
"type": "FeatureCollection",
"name": "barrios_kennedy",
"features": [
{ "type": "Feature", "properties": { "OBJECTID": 278, "AREA": 1136780.0, "PERIMETER": 5931.27, "BAR_": 279, "BAR_ID": 233, "NOMB_BARR": "EL TINTAL", "BAR_COD": "105103", "FORMA": 95, "COD_ZONA": "C", "COD_LOC": "09", "ACTUALIZ": 0, "Shape_Leng": 5931.2482611400001, "Shape_Area": 1202.94179631 }, "geometry": { "type": "MultiPolygon", "coordinates": [ [ [ [ 91152.131360573446727, 107239.949967992622987 ], [ 91165.095793369269813, 107228.803911514420179 ], [ 91158.148428100292222, 107232.203125132160494 ], [ 91152.131360573446727, 107239.949967992622987 ] ] ], [ [ [ 91189.046860129587003, 107226.296885126212146 ], [ 91181.609356122207828, 107225.101557124842657 ], [ 91173.50778811397322, 107225.296885125309927 ], [ 91173.229810243050451, 107225.408636777661741 ], [ 91184.080003208990092, 107231.735687211898039 ], [ 91195.423745109786978, 107236.696646853437414 ], [ 91212.556529994937591, 107245.274546818283852 ], [ 91227.165974382354761, 107252.555619683582336 ], [ 91232.634751790712471, 107261.500746523597627 ], [ 91241.760070032934891, 107281.649121008231305 ], [ 91253.986715252292925, 107297.26610936463112 ], [ 91259.377427465151413, 107312.289575168309966 ], [ 91259.822504948824644, 107313.106462155803456 ], [ 91259.617164194292855, 107312.203125206782715 ], [ 91256.937484193083947, 107300.500021195155568 ], [ 91254.609356190485414, 107287.999989185322192 ], [ 91251.656268187158275, 107277.50002117434633 ], [ 91244.257804180611856, 107268.203125166968675 ], [ 91227.843724165126332, 107252.796853151667165 ], [ 91214.718732152337907, 107243.398453142581275 ], [ 91200.703116138887708, 107233.203125133062713 ], [ 91189.046860129587003, 107226.296885126212146 ] ] ], [ [ [ 91082.1279387579998, 107314.627081073384034 ], [ 91089.71671014840831, 107308.009067490158486 ], [ 91075.773452022971469, 107315.203125209503924 ], [ 91058.718732006702339, 107324.296885217132512 ], [ 91040.609355990149197, 107332.398453225352569 ], [ 91032.992203984584194, 107336.117173228296451 ], [ 91021.156235973365256, 107341.898421235426213 ], [ 91006.327257716577151, 107357.043936701666098 ], [ 91018.542479049327085, 107350.588709146133624 ], [ 91038.464184763171943, 107338.666452441364527 ], [ 91050.768801970800268, 107328.432033104938455 ], [ 91066.042149268832873, 107323.549091860884801 ], [ 91082.1279387579998, 107314.627081073384034 ] ] ], [ [ [ 91384.476556310051819, 107381.101557270463672 ], [ 91378.070284305125824, 107380.703093270247336 ], [ 91373.831722275281209, 107381.650408829649678 ], [ 91383.416787967886194, 107388.139671897530206 ], [ 91393.963677569801803, 107396.139561609597877 ], [ 91402.456139088404598, 107406.889524651720421 ], [ 91410.393756146455416, 107420.678386667874292 ], [ 91419.545096179761458, 107436.866548738238635 ], [ 91416.898444341510185, 107430.601589318248443 ], [ 91411.6093563370232, 107419.101557307076291 ], [ 91408.367180333734723, 107411.500021300060325 ], [ 91402.882828328059986, 107402.796853291860316 ], [ 91396.148428322354448, 107391.296885279996786 ], [ 91393.92186832074367, 107387.999989278032444 ], [ 91389.906252316344762, 107383.398453273737687 ], [ 91384.476556310051819, 107381.101557270463672 ] ] ], [ [ [ 91593.095085092019872, 107488.897836087737232 ], [ 91566.742156479827827, 107483.85157336606062 ], [ 91552.81584367173491, 107486.679290318395942 ], [ 91573.581496556696948, 107488.653212637233082 ], [ 91593.095085092019872, 107488.897836087737232 ] ] ], [ [ [ 91451.280620998019003, 107526.079519789869664 ], [ 91448.687768870702712, 107525.060858764263685 ], [ 91449.879092663191841, 107526.646521956979996 ], [ 91451.280620998019003, 107526.079519789869664 ] ] ] ] } },
{ "type": "Feature", "properties": { "OBJECTID": 313, "AREA": 1983830.0, "PERIMETER": 7488.66, "BAR_": 314, "BAR_ID": 676, "NOMB_BARR": "VEREDA EL TINTAL", "BAR_COD": "105101", "FORMA": 96, "COD_ZONA": "C", "COD_LOC": "08", "ACTUALIZ": 0, "Shape_Leng": 7488.6498527599997, "Shape_Area": 1970637.9250700001 }, "geometry": { "type": "MultiPolygon", "coordinates": [ [ [ [ 91552.81584367173491, 107486.679290318395942 ], [ 91566.742156479827827, 107483.85157336606062 ], [ 91593.095085092019872, 107488.897836087737232 ], [ 91602.222015358565841, 107489.012251803302206 ], [ 91616.870536815506057, 107493.762167797569418 ], [ 91635.823545139151975, 107498.316682729317108 ], [ 91667.425093105688575, 107505.550672140248935 ], [ 91682.331453002072521, 107510.0506944579829 ], [ 91699.268951507954625, 107513.816147575576906 ], [ 91718.987725099912495, 107518.636178452376043 ], [ 91740.472028793446952, 107523.964084043225739 ], [ 91756.214144568060874, 107521.88585977308685 ], [ 91772.198579967822297, 107521.323210797054344 ], [ 91801.057882975379471, 107524.729067153864889 ], [ 91830.831061348872026, 107516.228823382320115 ], [ 91856.041792689822614, 107506.9083282405918 ], [ 91874.697994579910301, 107495.744078860065201 ], [ 91897.182162892684573, 107481.564263009102433 ], [ 91928.845945127002778, 107463.962416752590798 ], [ 91961.158342763781548, 107454.993377351696836 ], [ 91994.845640809639008, 107437.672759165463503 ], [ 92019.923403848049929, 107418.969588190986542 ], [ 92062.524620816824608, 107398.195668173822924 ], [ 92110.047814731282415, 107369.140750425460283 ], [ 92134.852245275833411, 107352.718721932222252 ], [ 92163.93787998316111, 107338.132306195708225 ], [ 92190.968847315845778, 107326.038415502844146 ], [ 92228.992161266185576, 107305.991185626320657 ], [ 92255.218528998375405, 107297.436349028168479 ], [ 92285.280879978410667, 107285.897055274952436 ], [ 92310.171401153114857, 107282.154461268451996 ], [ 92328.968245551965083, 107279.599664848326938 ], [ 92346.975895050156396, 107279.068329740926856 ], [ 92360.679042511124862, 107277.974354302568827 ], [ 92368.842947257071501, 107274.013510493852664 ], [ 92380.335240820539184, 107267.317888450736064 ], [ 92386.710080716453376, 107264.607117279723752 ], [ 92392.639822899116552, 107256.575686776515795 ], [ 92398.530270119183115, 107252.083508615818573 ], [ 92408.959870312144631, 107249.427170578710502 ], [ 92416.334441547514871, 107252.135999964128132 ], [ 92419.726541275478667, 107251.703093151270878 ], [ 92427.273421283112839, 107252.601589150479413 ], [ 92431.453133286428056, 107254.898421154473908 ], [ 92442.257805295914295, 107260.29688515921589 ], [ 92452.968781305185985, 107269.999989166797604 ], [ 92455.156237308910931, 107270.999989167714375 ], [ 92483.786540283152135, 107261.954684325392009 ], [ 92488.670576293792692, 107241.809150086977752 ], [ 92500.323289231193485, 107228.156279796836316 ], [ 92504.04686135299562, 107215.132789117342327 ], [ 92516.093773365471861, 107201.078133103073924 ], [ 92524.066630599903874, 107197.091704484744696 ], [ 92524.693550458439859, 107196.441801444685552 ], [ 92533.209119173436193, 107190.465152021759422 ], [ 92535.899187443734263, 107191.175426062822226 ], [ 92536.171853382998961, 107191.039093093189877 ], [ 92538.517253484751564, 107191.866688946116483 ], [ 92546.701264710514806, 107194.027560022819671 ], [ 92547.3503562938713, 107194.983529965073103 ], [ 92553.242189400043571, 107197.062517098675016 ], [ 92564.28903741009708, 107217.140597118428559 ], [ 92569.304717414677725, 107240.226549139450071 ], [ 92573.585870900133159, 107246.656649169774028 ], [ 92582.7016576527094, 107251.675555249268655 ], [ 92597.871271249983693, 107255.936554046056699 ], [ 92607.392605384840863, 107253.93555736176495 ], [ 92613.115675450128037, 107251.644129130261717 ], [ 92617.117287067027064, 107250.519740294635994 ], [ 92634.570317476347554, 107243.249973142214003 ], [ 92662.679693501951988, 107238.226549137645634 ], [ 92693.804685531038558, 107247.273461147400667 ], [ 92726.937485561225913, 107282.406261179377907 ], [ 92764.163747896192945, 107329.923486770145246 ], [ 92772.98324697931821, 107334.212545605783816 ], [ 92783.183603903918993, 107348.943582442472689 ], [ 92785.531043657640112, 107350.576309930882417 ], [ 92802.530315136551508, 107356.751179590894026 ], [ 92822.73353196613607, 107367.040057798672933 ], [ 92826.216361982369563, 107368.372955045648268 ], [ 92857.46874968384509, 107378.789045268640621 ], [ 92918.710925739622326, 107371.773429261535057 ], [ 92956.123432767024497, 107371.773429261535057 ], [ 92958.754694860486779, 107370.398285008617677 ], [ 92989.134939923664206, 107336.341484321485041 ], [ 93001.310544673266122, 107318.75729593950382 ], [ 93018.867432036116952, 107295.705393721509608 ], [ 93021.96351390700147, 107290.653481026180089 ], [ 93032.825658259840566, 107266.491515549598262 ], [ 93040.53644896732294, 107244.054012955035432 ], [ 93055.075279586628312, 107234.928842632143642 ], [ 93066.551907809567638, 107224.827152209181804 ], [ 93068.574232858954929, 107223.613726796713308 ], [ 93085.787033412489109, 107199.703364336310187 ], [ 93087.121685408521444, 107184.170809329676558 ], [ 93088.684101544044097, 107171.983288395567797 ], [ 93086.855680869324715, 107155.030195818195352 ], [ 93090.144810253244941, 107140.272521964099724 ], [ 93095.660259645344922, 107122.686278348613996 ], [ 93115.347505848127184, 107118.030010230111657 ], [ 93115.664781583327567, 107118.032549325318541 ], [ 93132.070285939174937, 107061.023412973270752 ], [ 93194.320333996642148, 106992.726580909555196 ], [ 93249.54689404842793, 106958.601588877747417 ], [ 93296.734350092883687, 106943.539060864015482 ], [ 93355.976590146136004, 106933.500020854131435 ], [ 93356.468750146552338, 106933.468724853300955 ], [ 93356.96871814847691, 106933.429684854694642 ], [ 93357.468750147469109, 106933.382836854594643 ], [ 93357.968718149379129, 106933.32811685372144 ], [ 93358.460942149089533, 106933.273460854339646 ], [ 93358.960910151014104, 106933.203124854902853 ], [ 93359.453134150724509, 106933.132788853239617 ], [ 93360.437518150851247, 106932.976564852870069 ], [ 93361.421902153204428, 106932.789044853911037 ], [ 93361.914062153620762, 106932.687476852923282 ], [ 93362.398414152557962, 106932.578100852653733 ], [ 93362.890638154480257, 106932.460916853116942 ], [ 93363.374990153402905, 106932.34373285358015 ], [ 93363.859406153831515, 106932.218740852549672 ], [ 93364.335950155713363, 106932.093748853731086 ], [ 93364.820302154636011, 106931.953140851925127 ], [ 93365.77345415543823, 106931.648436853414751 ], [ 93366.249998157305527, 106931.492212853045203 ], [ 93366.718734157679137, 106931.32811685190245 ], [ 93367.195342156614061, 106931.156276852983865 ], [ 93367.656270157705876, 106930.976564851065632 ], [ 93368.125006158079486, 106930.796852851373842 ], [ 93368.593742158453097, 106930.617204850961571 ], [ 93369.054670159544912, 106930.421876850479748 ], [ 93369.507790159143042, 106930.226548852238921 ], [ 93369.968718160249409, 106930.023412850263412 ], [ 93370.421902161353501, 106929.812468851247104 ], [ 93370.87502216095163, 106929.593780850002076 ], [ 93371.320334161267965, 106929.367156850916217 ], [ 93371.7656461615843, 106929.148468849685742 ], [ 93372.210958161915187, 106928.906228849824402 ], [ 93372.648462162964279, 106928.679668850018061 ], [ 93373.085966163998819, 106928.429684850168996 ], [ 93373.515598164260155, 106928.187508849601727 ], [ 93374.374990163356415, 106927.671860849834047 ], [ 93374.796878163630026, 106927.406260849209502 ], [ 93375.218766166130081, 106927.132788847811753 ], [ 93375.632782165615936, 106926.859380847905413 ], [ 93376.046862166607752, 106926.578100847225869 ], [ 93376.460942165387678, 106926.289076846558601 ], [ 93376.8672141670977, 106925.999988846597262 ], [ 93377.265614168034517, 106925.703156846633647 ], [ 93378.062478166975779, 106925.093748847401002 ], [ 93378.453134167910321, 106924.781236845170497 ], [ 93379.218766169738956, 106924.140596846598783 ], [ 93379.601550169900293, 106923.812468845804688 ], [ 93379.976590170073905, 106923.476532845757902 ], [ 93380.343758169459761, 106923.148468844243325 ], [ 93380.71092617107206, 106922.796852844126988 ], [ 93381.070286171190673, 106922.46091684406565 ], [ 93381.429710170574253, 106922.109364843228832 ], [ 93381.781262171411072, 106921.757812842406565 ], [ 93382.13281417224789, 106921.398452842287952 ], [ 93382.476558171591023, 106921.031220843622577 ], [ 93383.148430171713699, 106920.296884842624422 ], [ 93383.476558172493242, 106919.92184484245081 ], [ 93383.804686173272785, 106919.539060842289473 ], [ 93384.125006172558642, 106919.156276839901693 ], [ 93384.562510173607734, 106918.609396840824047 ], [ 93380.773454171227058, 106878.273460802331101 ], [ 93232.624974032485625, 106755.117172689147992 ], [ 93130.484365936135873, 106670.210932609494193 ], [ 93112.820301919899066, 106660.843764599732822 ], [ 93133.065674743353156, 106635.04582173532981 ], [ 93143.812493948687916, 106621.351540562522132 ], [ 93009.585933825394022, 106514.273460464028176 ], [ 92996.496314544478082, 106524.726026732794708 ], [ 92936.835917756950948, 106572.367156518943375 ], [ 92748.015629581161193, 106473.406260425006622 ], [ 92721.882829557318473, 106505.046900456087315 ], [ 92615.382797457961715, 106505.046900456087315 ], [ 92522.773453370289644, 106441.773428395434166 ], [ 92598.609357442372129, 106395.093748352184775 ], [ 92439.92186929404852, 106311.921844274431351 ], [ 92029.225159252964659, 106096.674305810243823 ], [ 92026.015628907742212, 106094.992180073037161 ], [ 92013.242188895776053, 106106.21874008278246 ], [ 91819.648460715266992, 106289.781236254930263 ], [ 91752.923782034253236, 106357.817664915448404 ], [ 91649.562508558970876, 106463.21093241548806 ], [ 91205.117196143502952, 106908.773428831409547 ], [ 91000.000011953990906, 107070.656244982936187 ], [ 90549.085176260428852, 107349.156193573406199 ], [ 90564.215650044206996, 107385.600459170804243 ], [ 90611.075048348226119, 107400.240851747774286 ], [ 90672.582749047433026, 107396.333875664116931 ], [ 90725.072546807030449, 107386.013050680208835 ], [ 90751.796875720916432, 107373.257781263586367 ], [ 90811.507787777474732, 107353.976565245000529 ], [ 90823.384438703680644, 107352.22406677735853 ], [ 90832.699216890818207, 107348.981012814096175 ], [ 90882.495674400342978, 107338.253902995289536 ], [ 90923.443722558338777, 107337.459488545893691 ], [ 90943.499979899890604, 107334.500021228159312 ], [ 90978.312523931876058, 107342.953141234989744 ], [ 91005.527177889714949, 107357.466093099006684 ], [ 91006.014924392438843, 107357.208991647828952 ], [ 91006.327257716577151, 107357.043936701666098 ], [ 91021.156235973365256, 107341.898421235426213 ], [ 91032.992203984584194, 107336.117173228296451 ], [ 91040.609355990149197, 107332.398453225352569 ], [ 91058.718732006702339, 107324.296885217132512 ], [ 91075.773452022971469, 107315.203125209503924 ], [ 91089.71671014840831, 107308.009067490158486 ], [ 91099.041795666271355, 107299.876849581705756 ], [ 91110.877626773901284, 107286.087928876382648 ], [ 91114.814893242015387, 107275.486152140030754 ], [ 91131.533453052994446, 107256.431590739302919 ], [ 91146.900504949633614, 107244.44714987082989 ], [ 91152.131360573446727, 107239.949967992622987 ], [ 91158.148428100292222, 107232.203125132160494 ], [ 91165.095793369269813, 107228.803911514420179 ], [ 91170.736254578747321, 107223.954574855670216 ], [ 91173.229810243050451, 107225.408636777661741 ], [ 91173.50778811397322, 107225.296885125309927 ], [ 91181.609356122207828, 107225.101557124842657 ], [ 91189.046860129587003, 107226.296885126212146 ], [ 91200.703116138887708, 107233.203125133062713 ], [ 91214.718732152337907, 107243.398453142581275 ], [ 91227.843724165126332, 107252.796853151667165 ], [ 91244.257804180611856, 107268.203125166968675 ], [ 91251.656268187158275, 107277.50002117434633 ], [ 91254.609356190485414, 107287.999989185322192 ], [ 91256.937484193083947, 107300.500021195155568 ], [ 91259.617164194292855, 107312.203125206782715 ], [ 91259.822504948824644, 107313.106462155803456 ], [ 91267.307319924075273, 107326.84395321883494 ], [ 91280.338751262781443, 107338.929869143248652 ], [ 91286.690311218684656, 107358.273483779252274 ], [ 91310.018553145899205, 107378.085817656479776 ], [ 91326.151520449770032, 107385.390341914549936 ], [ 91343.456027046820964, 107380.788528834789759 ], [ 91352.354361836391035, 107378.366485352540622 ], [ 91363.291839229641482, 107375.968091462011216 ], [ 91373.112217104600859, 107381.163290799668175 ], [ 91373.831722275281209, 107381.650408829649678 ], [ 91378.070284305125824, 107380.703093270247336 ], [ 91384.476556310051819, 107381.101557270463672 ], [ 91389.906252316344762, 107383.398453273737687 ], [ 91393.92186832074367, 107387.999989278032444 ], [ 91396.148428322354448, 107391.296885279996786 ], [ 91402.882828328059986, 107402.796853291860316 ], [ 91408.367180333734723, 107411.500021300060325 ], [ 91411.6093563370232, 107419.101557307076291 ], [ 91416.898444341510185, 107430.601589318248443 ], [ 91419.545096179761458, 107436.866548738238635 ], [ 91420.065749570072512, 107437.787552813417278 ], [ 91429.940908667937038, 107458.701471996027976 ], [ 91432.136535523881321, 107485.857764448184753 ], [ 91436.792927450616844, 107498.841975046772859 ], [ 91440.652161606034497, 107514.3653897625627 ], [ 91448.687768870702712, 107525.060858764263685 ], [ 91451.280620998019003, 107526.079519789869664 ], [ 91465.67576318034844, 107520.255822471983265 ], [ 91474.371031939459499, 107514.271422045916552 ], [ 91511.167633312856196, 107491.927263329969719 ], [ 91552.05025254235079, 107486.60651546077861 ], [ 91552.81584367173491, 107486.679290318395942 ] ] ] ] } },
{ "type": "Feature", "properties": { "OBJECTID": 317, "AREA": 2696280.0, "PERIMETER": 9361.42, "BAR_": 318, "BAR_ID": 260, "NOMB_BARR": "OSORIO", "BAR_COD": "105203", "FORMA": 95, "COD_ZONA": "C", "COD_LOC": "08", "ACTUALIZ": 0, "Shape_Leng": 9361.4039703, "Shape_Area": 2686516.6243799999 }, "geometry": { "type": "MultiPolygon", "coordinates": [ [ [ [ 92026.015628907742212, 106094.992180073037161 ], [ 92097.849315152736381, 106031.8149020398414 ], [ 92134.023437009207555, 105999.999987984105246 ], [ 92280.164045145371347, 105868.281267863116227 ], [ 92284.492173149774317, 105863.656243857258232 ], [ 92280.184589302079985, 105859.4826232282212 ], [ 91896.875020789186237, 105488.093747509119567 ], [ 91710.984396614454454, 105711.156275715547963 ], [ 91552.976588467747206, 105569.421875583211659 ], [ 91585.507788497954607, 105527.593779545626603 ], [ 91597.125004508648999, 105541.539059557413566 ], [ 91736.539084639880457, 105355.648435384908225 ], [ 91566.914060480252374, 105211.578099250706146 ], [ 91339.203148269429221, 105574.070323589126929 ], [ 91134.718732077715686, 105429.999987454924849 ], [ 91257.148428192114807, 105251.921843288466334 ], [ 91397.765644323997549, 105064.42968311435834 ], [ 91412.974879563495051, 105044.156555462323013 ], [ 91417.945292342512403, 105037.531251088686986 ], [ 91288.031244220619556, 104921.898418980868882 ], [ 91261.651530720599112, 104898.422050401306478 ], [ 91247.570316183337127, 104885.890610946778907 ], [ 91239.632844176245271, 104894.937522956548491 ], [ 91094.593740040465491, 105060.703155109920772 ], [ 91015.773451968678273, 105150.781235193018802 ], [ 91000.000011953990906, 105168.796851210092427 ], [ 90998.031243951510987, 105171.062515211800928 ], [ 90795.148427762891515, 105404.171891429592506 ], [ 90804.031243771489244, 105411.343731437067618 ], [ 90784.10247256339062, 105433.603870762308361 ], [ 90760.289035730791511, 105460.203123481827788 ], [ 90337.772397840875783, 105932.221579178396496 ], [ 90161.81249117218249, 106128.796852105559083 ], [ 89703.5312747451826, 106646.500020587729523 ], [ 89700.046858742032782, 106650.601588590114261 ], [ 89691.27341873369005, 106657.203124596228008 ], [ 89688.343754730405635, 106658.601588597346563 ], [ 89640.882826686778571, 106691.2031246292172 ], [ 89649.915626237896504, 106705.099322498223046 ], [ 89711.867390363724553, 106681.672889554844005 ], [ 89762.640445621189428, 106653.359958284738241 ], [ 89786.036798101340537, 106646.59845157955715 ], [ 89793.89844283045386, 106642.726580583912437 ], [ 89800.37168781409855, 106642.455619691783795 ], [ 89806.569847050108365, 106640.66432683126186 ], [ 89854.413345197885064, 106639.695042827253928 ], [ 89870.003642726835096, 106641.170440195273841 ], [ 89964.437514988559997, 106643.773428584914654 ], [ 89997.335947019659216, 106654.132788594084559 ], [ 89999.774123653769493, 106655.736565290470026 ], [ 90016.483616535901092, 106657.748194116560626 ], [ 90042.723824439279269, 106683.987893882731441 ], [ 90045.960907063839841, 106686.117172624479281 ], [ 90046.459230063104769, 106687.723268896661466 ], [ 90062.374552146357019, 106703.638308318826603 ], [ 90066.460188021941576, 106752.186406291817548 ], [ 90070.203147087639081, 106764.249972697609337 ], [ 90090.796875107145752, 106816.999988745723385 ], [ 90103.1015791187383, 106878.570292802294716 ], [ 90103.045182587695308, 106879.101200844161212 ], [ 90110.212057961529354, 106903.285778048695647 ], [ 90115.095518682923284, 106953.090268164873123 ], [ 90127.791425605508266, 107016.550853681837907 ], [ 90144.385315951396478, 107031.191383209064952 ], [ 90175.627414967588265, 107029.238080133043695 ], [ 90200.033530644373968, 107013.620474221897894 ], [ 90243.970427094842307, 106970.659410602951539 ], [ 90295.719763307686662, 106922.815144863707246 ], [ 90324.032332509144908, 106908.174081355158705 ], [ 90368.93807328263938, 106893.033244888662011 ], [ 90375.867823926862911, 106893.033292466541752 ], [ 90417.109891173546202, 106893.03293530587689 ], [ 90424.594190570744104, 106893.032752366358181 ], [ 90460.719253804534674, 106917.446443954191636 ], [ 90482.023961881306604, 106958.585052249327418 ], [ 90496.828107485023793, 106977.992180896602804 ], [ 90513.695307500092895, 107019.296884934447007 ], [ 90519.695307505520759, 107074.492212984681828 ], [ 90518.057106350897811, 107103.984098795364844 ], [ 90526.135680130755645, 107172.273251904844074 ], [ 90521.253555724630132, 107240.124829390959349 ], [ 90542.730941081128549, 107333.850960052513983 ], [ 90549.085176260428852, 107349.156193573406199 ], [ 91000.000011953990906, 107070.656244982936187 ], [ 91205.117196143502952, 106908.773428831409547 ], [ 91649.562508558970876, 106463.21093241548806 ], [ 91752.923782034253236, 106357.817664915448404 ], [ 91819.648460715266992, 106289.781236254930263 ], [ 92013.242188895776053, 106106.21874008278246 ], [ 92026.015628907742212, 106094.992180073037161 ] ] ] ] } },
{ "type": "Feature", "properties": { "OBJECTID": 324, "AREA": 231686.0, "PERIMETER": 2324.89, "BAR_": 325, "BAR_ID": 3044, "NOMB_BARR": "EL VERGEL", "BAR_COD": "105105", "FORMA": 2000, "COD_ZONA": "C", "COD_LOC": "08", "ACTUALIZ": 0, "Shape_Leng": 2324.8905706099999, "Shape_Area": 106991.08911099999 }, "geometry": { "type": "MultiPolygon", "coordinates": [ [ [ [ 93380.939897140866378, 106877.640833160839975 ], [ 93379.922809171213885, 106874.325087531251484 ], [ 93378.35229745178367, 106857.129943516949425 ], [ 93384.719234143791255, 106844.598447308468167 ], [ 93387.09808784321649, 106841.448409262200585 ], [ 93399.662584975230857, 106824.524600015371107 ], [ 93409.461180166821578, 106810.700047543825349 ], [ 93418.186326486684266, 106803.745012427825714 ], [ 93418.431081279573846, 106803.549097495808383 ], [ 93419.433077371591935, 106802.751056772118318 ], [ 93436.453139357239706, 106789.184144960992853 ], [ 93448.240654638240812, 106788.570670268847607 ], [ 93458.22632689733291, 106788.050982180153369 ], [ 93459.906301118826377, 106787.429510490328539 ], [ 93469.344238072444568, 106783.937853569761501 ], [ 93474.085684220859548, 106782.183728918214911 ], [ 93475.927530541142914, 106779.109906980273081 ], [ 93485.905671369851916, 106762.457328629025142 ], [ 93497.679300845891703, 106740.449604081077268 ], [ 93503.428759423375595, 106721.847738691634731 ], [ 93510.72530359175289, 106704.488335475238273 ], [ 93521.419069650379242, 106687.913653228519252 ], [ 93523.795499719912186, 106684.230403008405119 ], [ 93538.006222001466085, 106656.355350414567511 ], [ 93540.978105093628983, 106649.213725929817883 ], [ 93550.646358408412198, 106625.980354219151195 ], [ 93558.703649543604115, 106612.411450251733186 ], [ 93560.240137437431258, 106609.824047299625818 ], [ 93565.739206581100007, 106591.229816325983847 ], [ 93566.016156864148797, 106590.730787670472637 ], [ 93581.45844568341272, 106562.823902686024667 ], [ 93592.528007049288135, 106544.423025886513642 ], [ 93597.950122625363292, 106535.409875761892181 ], [ 93611.660945792275015, 106508.300359965243842 ], [ 93619.441843899214291, 106489.659707563783741 ], [ 93634.300949854950886, 106470.386061592886108 ], [ 93636.313109625145444, 106465.677418362378376 ], [ 93638.40352708415594, 106460.785358925611945 ], [ 93646.957013636245392, 106440.768979845539434 ], [ 93650.41930546356889, 106427.240940615054569 ], [ 93654.776977174857166, 106410.214375724521233 ], [ 93660.270194593278575, 106398.485921137762489 ], [ 93662.904524106532335, 106392.861528834255296 ], [ 93666.987557996297255, 106384.143732000637101 ], [ 93679.391538841184229, 106369.201053360535298 ], [ 93686.838747081856127, 106360.229650431982009 ], [ 93699.299654462069157, 106333.89351441868348 ], [ 93703.579172709723935, 106318.110167757011368 ], [ 93671.710926441097399, 106287.09374825222767 ], [ 93413.007822199273505, 106556.21093250188278 ], [ 93369.257806159293978, 106515.179700465436326 ], [ 93212.000014013639884, 106678.671860617832863 ], [ 93143.812493948687916, 106621.351540562522132 ], [ 93133.065674743353156, 106635.04582173532981 ], [ 93112.820301919899066, 106660.843764599732822 ], [ 93130.484365936135873, 106670.210932609494193 ], [ 93232.624974032485625, 106755.117172689147992 ], [ 93380.773454171227058, 106878.273460802331101 ], [ 93380.939897140866378, 106877.640833160839975 ] ] ] ] } },
{ "type": "Feature", "properties": { "OBJECTID": 329, "AREA": 831385.0, "PERIMETER": 4637.17, "BAR_": 330, "BAR_ID": 270, "NOMB_BARR": "OSORIO", "BAR_COD": "105219", "FORMA": 95, "COD_ZONA": "S", "COD_LOC": "08", "ACTUALIZ": 0, "Shape_Leng": 4637.1669279199996, "Shape_Area": 828153.25704399997 }, "geometry": { "type": "MultiPolygon", "coordinates": [ [ [ [ 89649.915626237896504, 106705.099322498223046 ], [ 89640.882826686778571, 106691.2031246292172 ], [ 89688.343754730405635, 106658.601588597346563 ], [ 89691.27341873369005, 106657.203124596228008 ], [ 89700.046858742032782, 106650.601588590114261 ], [ 89703.5312747451826, 106646.500020587729523 ], [ 90161.81249117218249, 106128.796852105559083 ], [ 90337.772397840875783, 105932.221579178396496 ], [ 90760.289035730791511, 105460.203123481827788 ], [ 90784.10247256339062, 105433.603870762308361 ], [ 90804.031243771489244, 105411.343731437067618 ], [ 90795.148427762891515, 105404.171891429592506 ], [ 90514.36717950021557, 105159.687475201673806 ], [ 90439.046859430833138, 105107.671859153837431 ], [ 90430.666846502426779, 105117.734341662580846 ], [ 90303.320331304712454, 105270.648435305745807 ], [ 90272.585931275054463, 105312.27345934510231 ], [ 90125.328139138451661, 105491.726579511130694 ], [ 89989.64065101093729, 105655.726579663998564 ], [ 89695.898442737321602, 105999.999987984105246 ], [ 89279.804682350251824, 106468.117172420519637 ], [ 89244.257277214303031, 106508.127750124156591 ], [ 89244.757475878039259, 106513.630944318836555 ], [ 89255.135125831598998, 106560.342354173859349 ], [ 89271.249994342419086, 106579.921844525859342 ], [ 89312.882826381042833, 106613.781236557042575 ], [ 89393.726538456918206, 106664.359348602927639 ], [ 89443.515594503143802, 106711.578100648213876 ], [ 89477.585930535584339, 106738.406260671501514 ], [ 89509.558130246587098, 106748.072361699596513 ], [ 89512.696557880713954, 106748.541944894517655 ], [ 89565.415117628726875, 106736.838174814882223 ], [ 89598.516648673088639, 106728.166049278806895 ], [ 89606.422798484170926, 106726.095743212033994 ], [ 89635.711733920790721, 106710.470380700993701 ], [ 89649.915626237896504, 106705.099322498223046 ] ] ] ] } },
{ "type": "Feature", "properties": { "OBJECTID": 331, "AREA": 479284.0, "PERIMETER": 4165.48, "BAR_": 332, "BAR_ID": 677, "NOMB_BARR": "VERGEL OCCIDENTAL", "BAR_COD": "105107", "FORMA": 99, "COD_ZONA": "C", "COD_LOC": "08", "ACTUALIZ": 0, "Shape_Leng": 4165.4814314699997, "Shape_Area": 479284.61434199999 }, "geometry": { "type": "MultiPolygon", "coordinates": [ [ [ [ 93671.710926441097399, 106287.09374825222767 ], [ 93671.023438440199243, 106286.421876252104994 ], [ 93645.75783841694647, 106262.179700229811715 ], [ 93599.828110373258824, 106218.117172187601682 ], [ 93563.476558339840267, 106183.242164154740749 ], [ 93532.523406311884173, 106153.546868128323695 ], [ 93513.97659029357601, 106135.750004111789167 ], [ 93491.21876627333404, 106113.921844090800732 ], [ 93484.726542265969329, 106107.687476086284732 ], [ 93477.281230259308359, 106117.093748093931936 ], [ 93464.968718248448567, 106121.820340098551242 ], [ 93447.828110233473126, 106128.406260103889508 ], [ 93405.093774192238925, 106146.882804122054949 ], [ 93362.117198153369827, 106165.437492138938978 ], [ 93312.601550107050571, 106186.828148158878321 ], [ 93244.109390042867744, 106216.421876186534064 ], [ 93238.867214037760277, 106218.687476188963046 ], [ 93214.187470015138388, 106229.35154019886977 ], [ 93203.859406004587072, 106233.812468203570461 ], [ 93190.984397993859602, 106239.36715620868199 ], [ 93172.578125975851435, 106247.320308215828845 ], [ 93142.953101949591655, 106260.117172227837727 ], [ 93110.624973917627358, 106274.093748240469722 ], [ 93079.640653889626265, 106287.468724253107212 ], [ 93058.812493869540049, 106294.312500259082299 ], [ 93047.117197859406588, 106299.523444264850696 ], [ 93031.781261845768313, 106306.20312426968303 ], [ 92971.523405788611853, 106328.523444291102351 ], [ 92928.890637748379959, 106220.46872419025749 ], [ 93061.765645872146706, 106166.523444140038919 ], [ 93064.734349876249325, 106171.828148145301384 ], [ 93093.976589902362321, 106159.546868133766111 ], [ 93185.07028598713805, 106124.296884100011084 ], [ 93403.898446190869436, 106030.14059601307963 ], [ 93392.703118180434103, 106019.406260003030184 ], [ 93372.437518161706976, 105999.999987984105246 ], [ 93342.906254134926712, 105976.296883963848813 ], [ 93340.898446133855032, 105974.703155961542507 ], [ 93278.007822074869182, 105924.226547915139236 ], [ 93013.445325827196939, 105671.523443678743206 ], [ 92906.382797727987054, 105781.249971781318891 ], [ 92900.351565723220119, 105786.468723786369083 ], [ 92874.867213699457352, 105814.39064381227945 ], [ 92839.226573666979675, 105853.421875849133357 ], [ 92831.140621657308657, 105862.281267857688363 ], [ 92819.164045646495651, 105850.656243845485733 ], [ 92747.41409358047531, 105925.023411914065946 ], [ 92781.117197612009477, 105958.710963946330594 ], [ 92793.031245622667484, 105970.632819958482287 ], [ 92672.773453510482796, 106083.976564062308171 ], [ 92604.219070363120409, 106155.903048920008587 ], [ 92599.554701441680663, 106160.796852134517394 ], [ 92738.0624775722099, 106287.632820252038073 ], [ 92751.180351398259518, 106298.582310080892057 ], [ 93009.585933825394022, 106514.273460464028176 ], [ 93143.812493948687916, 106621.351540562522132 ], [ 93212.000014013639884, 106678.671860617832863 ], [ 93369.257806159293978, 106515.179700465436326 ], [ 93413.007822199273505, 106556.21093250188278 ], [ 93671.710926441097399, 106287.09374825222767 ] ] ] ] } },
{ "type": "Feature", "properties": { "OBJECTID": 336, "AREA": 487654.0, "PERIMETER": 3981.88, "BAR_": 337, "BAR_ID": 3059, "NOMB_BARR": "EL VERGEL ORIENTAL", "BAR_COD": "105109", "FORMA": 2000, "COD_ZONA": "C", "COD_LOC": "08", "ACTUALIZ": 0, "Shape_Leng": 3981.8876659399998, "Shape_Area": 487652.44837699999 }, "geometry": { "type": "MultiPolygon", "coordinates": [ [ [ [ 93009.585933825394022, 106514.273460464028176 ], [ 92751.180351398259518, 106298.582310080892057 ], [ 92738.0624775722099, 106287.632820252038073 ], [ 92599.554701441680663, 106160.796852134517394 ], [ 92604.219070363120409, 106155.903048920008587 ], [ 92672.773453510482796, 106083.976564062308171 ], [ 92793.031245622667484, 105970.632819958482287 ], [ 92781.117197612009477, 105958.710963946330594 ], [ 92747.41409358047531, 105925.023411914065946 ], [ 92819.164045646495651, 105850.656243845485733 ], [ 92831.140621657308657, 105862.281267857688363 ], [ 92839.226573666979675, 105853.421875849133357 ], [ 92874.867213699457352, 105814.39064381227945 ], [ 92900.351565723220119, 105786.468723786369083 ], [ 92906.382797727987054, 105781.249971781318891 ], [ 93013.445325827196939, 105671.523443678743206 ], [ 93001.875021818108507, 105660.460915668620146 ], [ 92913.523405736123095, 105564.078131579357432 ], [ 92866.226573691412341, 105511.4218755307229 ], [ 92747.523405581450788, 105382.023411409318214 ], [ 92742.468749575331458, 105374.593779402712244 ], [ 92604.648461447912268, 105522.156275540051865 ], [ 92293.672974205255741, 105853.863391477701953 ], [ 92284.492173149774317, 105863.656243857258232 ], [ 92280.164045145371347, 105868.281267863116227 ], [ 92134.023437009207555, 105999.999987984105246 ], [ 92097.849315152736381, 106031.8149020398414 ], [ 92026.015628907742212, 106094.992180073037161 ], [ 92029.225159252964659, 106096.674305810243823 ], [ 92439.92186929404852, 106311.921844274431351 ], [ 92598.609357442372129, 106395.093748352184775 ], [ 92522.773453370289644, 106441.773428395434166 ], [ 92615.382797457961715, 106505.046900456087315 ], [ 92721.882829557318473, 106505.046900456087315 ], [ 92748.015629581161193, 106473.406260425006622 ], [ 92936.835917756950948, 106572.367156518943375 ], [ 92996.496314544478082, 106524.726026732794708 ], [ 93009.585933825394022, 106514.273460464028176 ] ] ] ] } },
{ "type": "Feature", "properties": { "OBJECTID": 338, "AREA": 341456.0, "PERIMETER": 2534.6, "BAR_": 339, "BAR_ID": 3045, "NOMB_BARR": "INTERINDUSTRIAL", "BAR_COD": "105110", "FORMA": 2000, "COD_ZONA": "C", "COD_LOC": "09", "ACTUALIZ": 0, "Shape_Leng": 2534.61015542, "Shape_Area": 9622.0242987900001 }, "geometry": { "type": "MultiPolygon", "coordinates": [ [ [ [ 94108.52035408843949, 105829.375631462418824 ], [ 94147.160758280544542, 105821.843672766146483 ], [ 94184.26983623826527, 105813.320047448942205 ], [ 94212.66095484350808, 105805.63765029424394 ], [ 94220.332443091989262, 105803.561941377032781 ], [ 94254.839897810001276, 105791.295816642523278 ], [ 94268.168046532053268, 105785.483201356633799 ], [ 94286.597519458009629, 105767.154956278958707 ], [ 94289.964518904598663, 105756.959767799213296 ], [ 94289.197248627751833, 105749.536979821146815 ], [ 94289.050319778500125, 105748.116098593920469 ], [ 94294.979938786142156, 105739.639435144650633 ], [ 94297.33140570895921, 105729.202061848176527 ], [ 94311.401624027261278, 105722.615755787512171 ], [ 94332.083720520400675, 105701.49947673951101 ], [ 94335.494297769211698, 105697.777448505716166 ], [ 94336.082625555267441, 105697.214197347639129 ], [ 94323.726543047494488, 105688.007795694356901 ], [ 94320.677522217330988, 105685.637997485900996 ], [ 94318.992207045099349, 105684.328115690033883 ], [ 94174.000014908699086, 105812.953139810328139 ], [ 94106.195342845414416, 105828.171891824429622 ], [ 94070.210958811381715, 105826.789043824071996 ], [ 94039.773454783193301, 105817.101555815039319 ], [ 94009.96871875722718, 105811.312499808642315 ], [ 93987.546894736326067, 105812.22654780933226 ], [ 93971.679694719932741, 105816.007795812416589 ], [ 93965.414126970150392, 105818.260494261339772 ], [ 93981.559547490396653, 105815.91545898548793 ], [ 94013.934351216536015, 105812.298350020020735 ], [ 94037.739257485605776, 105825.305910876748385 ], [ 94063.809567866643192, 105837.766373774647946 ], [ 94081.497050228412263, 105834.664929103717441 ], [ 94092.775148818094749, 105832.457311525926343 ], [ 94108.52035408843949, 105829.375631462418824 ] ] ], [ [ [ 93772.352687447462813, 106180.533947113959584 ], [ 93776.09092875168426, 106171.689808670926141 ], [ 93774.976590536447475, 106172.906228145642672 ], [ 93755.39060652005719, 106194.296884165582014 ], [ 93734.593742500801454, 106216.999988187162671 ], [ 93713.750030481431168, 106239.773428208180121 ], [ 93694.468750461339368, 106260.820340228790883 ], [ 93672.249998440907802, 106285.093748250423232 ], [ 93671.023438440199243, 106286.421876252104994 ], [ 93671.710926441097399, 106287.09374825222767 ], [ 93703.579172709723935, 106318.110167757011368 ], [ 93705.345734460643143, 106311.594888492574682 ], [ 93707.861697790605831, 106302.315419397971709 ], [ 93719.119426486940938, 106280.065450875350507 ], [ 93731.087950016983086, 106254.503028519247891 ], [ 93754.08270932630694, 106223.772591055079829 ], [ 93755.103152418145328, 106222.409035978213069 ], [ 93756.617141247654217, 106218.733521381873288 ], [ 93772.352687447462813, 106180.533947113959584 ] ] ] ] } },
{ "type": "Feature", "properties": { "OBJECTID": 339, "AREA": 665734.0, "PERIMETER": 3591.43, "BAR_": 340, "BAR_ID": 48, "NOMB_BARR": "GALAN", "BAR_COD": "105221", "FORMA": 2000, "COD_ZONA": "S", "COD_LOC": "08", "ACTUALIZ": 0, "Shape_Leng": 3591.4252790700002, "Shape_Area": 660534.83414299996 }, "geometry": { "type": "MultiPolygon", "coordinates": [ [ [ [ 89989.64065101093729, 105655.726579663998564 ], [ 89666.074761672469322, 105387.039163425040897 ], [ 89660.429706705268472, 105382.351539410097757 ], [ 89561.218762612217688, 105506.148467524079024 ], [ 89383.812490448079188, 105421.578099445192493 ], [ 89374.882826439381461, 105434.36721945721365 ], [ 89038.234378126333468, 105915.406259906681953 ], [ 89035.609354124506353, 105919.156275910456316 ], [ 88979.15623407199746, 105999.999987984105246 ], [ 88772.499977877334459, 106292.507828257745132 ], [ 88757.039049864892149, 106314.39064427811536 ], [ 88807.992201910936274, 106343.773428304528352 ], [ 88881.835913980496116, 106397.476532354165101 ], [ 88894.710932176007191, 106413.40607167003327 ], [ 88895.2182595578779, 106413.775065705296583 ], [ 88902.530951106600696, 106417.712470974423923 ], [ 88967.343461725249654, 106452.602479292952921 ], [ 89006.187446361640468, 106469.250447398415417 ], [ 89036.423187129723374, 106469.250155650108354 ], [ 89069.109386155570974, 106460.132788414062816 ], [ 89120.054238948694547, 106447.351828749524429 ], [ 89150.436720587444142, 106435.960133177417447 ], [ 89183.725715356733417, 106430.413005121867172 ], [ 89228.108416974166175, 106435.959449572634185 ], [ 89239.210216091276379, 106452.599898005544674 ], [ 89244.257277214303031, 106508.127750124156591 ], [ 89279.804682350251824, 106468.117172420519637 ], [ 89695.898442737321602, 105999.999987984105246 ], [ 89989.64065101093729, 105655.726579663998564 ] ] ] ] } },
{ "type": "Feature", "properties": { "OBJECTID": 347, "AREA": 59560.9, "PERIMETER": 1305.62, "BAR_": 348, "BAR_ID": 280, "NOMB_BARR": "LA PAMPA", "BAR_COD": "006511", "FORMA": 99, "COD_ZONA": "C", "COD_LOC": "08", "ACTUALIZ": 0, "Shape_Leng": 1305.61576242, "Shape_Area": 59562.092230599999 }, "geometry": { "type": "MultiPolygon", "coordinates": [ [ [ [ 93484.726542265969329, 106107.687476086284732 ], [ 93476.28123025840614, 106099.59378007662599 ], [ 93449.132814232885721, 106073.531252052925993 ], [ 93407.328142195343389, 106033.429684015747625 ], [ 93407.078094193988363, 106033.187508015180356 ], [ 93403.898446190869436, 106030.14059601307963 ], [ 93185.07028598713805, 106124.296884100011084 ], [ 93093.976589902362321, 106159.546868133766111 ], [ 93064.734349876249325, 106171.828148145301384 ], [ 93061.765645872146706, 106166.523444140038919 ], [ 92928.890637748379959, 106220.46872419025749 ], [ 92971.523405788611853, 106328.523444291102351 ], [ 93031.781261845768313, 106306.20312426968303 ], [ 93047.117197859406588, 106299.523444264850696 ], [ 93058.812493869540049, 106294.312500259082299 ], [ 93079.640653889626265, 106287.468724253107212 ], [ 93110.624973917627358, 106274.093748240469722 ], [ 93142.953101949591655, 106260.117172227837727 ], [ 93172.578125975851435, 106247.320308215828845 ], [ 93190.984397993859602, 106239.36715620868199 ], [ 93203.859406004587072, 106233.812468203570461 ], [ 93214.187470015138388, 106229.35154019886977 ], [ 93238.867214037760277, 106218.687476188963046 ], [ 93244.109390042867744, 106216.421876186534064 ], [ 93312.601550107050571, 106186.828148158878321 ], [ 93362.117198153369827, 106165.437492138938978 ], [ 93405.093774192238925, 106146.882804122054949 ], [ 93447.828110233473126, 106128.406260103889508 ], [ 93464.968718248448567, 106121.820340098551242 ], [ 93477.281230259308359, 106117.093748093931936 ], [ 93484.726542265969329, 106107.687476086284732 ] ] ] ] } },
{ "type": "Feature", "properties": { "OBJECTID": 349, "AREA": 115123.0, "PERIMETER": 1435.13, "BAR_": 350, "BAR_ID": 279, "NOMB_BARR": "LAS ACACIAS", "BAR_COD": "105225", "FORMA": 2000, "COD_ZONA": "S", "COD_LOC": "08", "ACTUALIZ": 0, "Shape_Leng": 1435.13664795, "Shape_Area": 115122.41623800001 }, "geometry": { "type": "MultiPolygon", "coordinates": [ [ [ [ 89035.609354124506353, 105919.156275910456316 ], [ 88964.546890057157725, 105873.671859867085004 ], [ 88929.804682024609065, 105852.742195847502444 ], [ 88818.585929921406205, 105779.187507778638974 ], [ 88778.531273883607355, 105845.843763842160115 ], [ 88581.859401701658498, 106194.851572166167898 ], [ 88618.445321734150639, 106237.99218020690023 ], [ 88667.078153781330911, 106268.093748235027306 ], [ 88747.976585855867597, 106309.156276272289688 ], [ 88757.039049864892149, 106314.39064427811536 ], [ 88772.499977877334459, 106292.507828257745132 ], [ 88979.15623407199746, 105999.999987984105246 ], [ 89035.609354124506353, 105919.156275910456316 ] ] ] ] } },
{ "type": "Feature", "properties": { "OBJECTID": 350, "AREA": 100229.0, "PERIMETER": 1321.72, "BAR_": 351, "BAR_ID": 281, "NOMB_BARR": "VISION DE ORIENTE", "BAR_COD": "006503", "FORMA": 99, "COD_ZONA": "C", "COD_LOC": "08", "ACTUALIZ": 0, "Shape_Leng": 1321.7203647, "Shape_Area": 97628.414134799998 }, "geometry": { "type": "MultiPolygon", "coordinates": [ [ [ [ 93776.09092875168426, 106171.689808670926141 ], [ 93788.649025562059251, 106141.979167298166431 ], [ 93813.734352527069859, 106084.752582235843875 ], [ 93813.710723200521898, 106054.596433701051865 ], [ 93813.897986178111751, 106036.596293666196289 ], [ 93819.483690789013053, 106008.619911400644924 ], [ 93835.678579847313813, 105978.682447372179013 ], [ 93856.522059891765821, 105953.72898989499663 ], [ 93872.8021039308951, 105945.430549333948875 ], [ 93812.125006571019185, 105887.67185987974517 ], [ 93786.023438548727427, 105863.703155858864193 ], [ 93620.890638394645066, 105931.351539920287905 ], [ 93625.1484303973848, 105938.281267926460714 ], [ 93407.078094193988363, 106033.187508015180356 ], [ 93407.328142195343389, 106033.429684015747625 ], [ 93449.132814232885721, 106073.531252052925993 ], [ 93476.28123025840614, 106099.59378007662599 ], [ 93484.726542265969329, 106107.687476086284732 ], [ 93491.21876627333404, 106113.921844090800732 ], [ 93513.97659029357601, 106135.750004111789167 ], [ 93532.523406311884173, 106153.546868128323695 ], [ 93563.476558339840267, 106183.242164154740749 ], [ 93599.828110373258824, 106218.117172187601682 ], [ 93645.75783841694647, 106262.179700229811715 ], [ 93671.023438440199243, 106286.421876252104994 ], [ 93672.249998440907802, 106285.093748250423232 ], [ 93694.468750461339368, 106260.820340228790883 ], [ 93713.750030481431168, 106239.773428208180121 ], [ 93734.593742500801454, 106216.999988187162671 ], [ 93755.39060652005719, 106194.296884165582014 ], [ 93774.976590536447475, 106172.906228145642672 ], [ 93776.09092875168426, 106171.689808670926141 ] ] ] ] } },
{ "type": "Feature", "properties": { "OBJECTID": 352, "AREA": 267504.0, "PERIMETER": 2495.08, "BAR_": 353, "BAR_ID": 44, "NOMB_BARR": "EL JAZMIN", "BAR_COD": "105209", "FORMA": 98, "COD_ZONA": "S", "COD_LOC": "08", "ACTUALIZ": 0, "Shape_Leng": 2495.0839815899999, "Shape_Area": 267504.45779100002 }, "geometry": { "type": "MultiPolygon", "coordinates": [ [ [ [ 88818.585929921406205, 105779.187507778638974 ], [ 88817.812489920295775, 105778.710963778983569 ], [ 89069.5077861542959, 105354.35153938253643 ], [ 89071.078154155839002, 105351.703155382158002 ], [ 88998.656266088190023, 105313.140595344186295 ], [ 88932.406218027099385, 105279.171891314239474 ], [ 88949.437514043311239, 105249.218739284973708 ], [ 88809.21095391237759, 105171.468723214231431 ], [ 88421.32032955037721, 105899.781235890870448 ], [ 88416.210953545596567, 105909.382835901196813 ], [ 88430.781257559618098, 105929.359347919962602 ], [ 88510.578121634491254, 106046.500020029168809 ], [ 88547.398409668283421, 106141.203124115912942 ], [ 88572.499977691899403, 106183.82034015688987 ], [ 88574.203145693754777, 106185.828148157976102 ], [ 88581.859401701658498, 106194.851572166167898 ], [ 88778.531273883607355, 105845.843763842160115 ], [ 88818.585929921406205, 105779.187507778638974 ] ] ] ] } },
{ "type": "Feature", "properties": { "OBJECTID": 358, "AREA": 692691.0, "PERIMETER": 4289.62, "BAR_": 359, "BAR_ID": 287, "NOMB_BARR": "NUEVO TECHO", "BAR_COD": "006507", "FORMA": 95, "COD_ZONA": "C", "COD_LOC": "08", "ACTUALIZ": 0, "Shape_Leng": 4289.6224974099996, "Shape_Area": 690590.76383099996 }, "geometry": { "type": "MultiPolygon", "coordinates": [ [ [ [ 93872.8021039308951, 105945.430549333948875 ], [ 93876.615681637122179, 105943.486651157669257 ], [ 93901.428027769958135, 105927.58811516338028 ], [ 93911.974748067616019, 105907.884767553972779 ], [ 93915.083956092741573, 105897.431799535028404 ], [ 93912.919566492928425, 105875.424083349978901 ], [ 93910.661747210368048, 105862.798980815830873 ], [ 93911.685225865672692, 105848.838027289457386 ], [ 93919.395635214736103, 105826.142860374398879 ], [ 93931.270573195273755, 105824.158253243484069 ], [ 93953.747063004862866, 105819.955155170886428 ], [ 93961.734319136099657, 105818.794966508969082 ], [ 93965.414126970150392, 105818.260494261339772 ], [ 93971.679694719932741, 105816.007795812416589 ], [ 93987.546894736326067, 105812.22654780933226 ], [ 94009.96871875722718, 105811.312499808642315 ], [ 94039.773454783193301, 105817.101555815039319 ], [ 94070.210958811381715, 105826.789043824071996 ], [ 94106.195342845414416, 105828.171891824429622 ], [ 94174.000014908699086, 105812.953139810328139 ], [ 94318.992207045099349, 105684.328115690033883 ], [ 94294.750031020579627, 105665.476531673921272 ], [ 94272.406222999823513, 105647.343731657310855 ], [ 94265.335096666778554, 105641.370196756601217 ], [ 94247.945294977005688, 105626.6796676361555 ], [ 94221.468750953834387, 105604.546867615921656 ], [ 94217.164046949474141, 105600.960947613304597 ], [ 94202.570631415437674, 105589.068905893596821 ], [ 94171.624974906721036, 105563.851571579551091 ], [ 94142.97659088060027, 105538.632819554186426 ], [ 94132.828110871181707, 105529.70315554770059 ], [ 94101.687502841305104, 105501.02341151922883 ], [ 94089.539086829361622, 105489.148467508697649 ], [ 94085.703118827601429, 105485.406259506416973 ], [ 94000.000014746794477, 105401.679667428077664 ], [ 93981.859406730902265, 105383.960947410247172 ], [ 93899.484366654301994, 105506.257843524334021 ], [ 93809.812494569196133, 105473.789043495722581 ], [ 93804.320334564254154, 105482.039091502098017 ], [ 93720.867214487312594, 105453.398451475964976 ], [ 93439.242190224089427, 105361.289075390217477 ], [ 93341.906254134024493, 105328.843763358716387 ], [ 93314.31252610818774, 105316.578099347942043 ], [ 93190.437517992555513, 105277.773427313120919 ], [ 93163.960909967863699, 105270.820339306170354 ], [ 93143.968781950548873, 105265.562483301007887 ], [ 93139.07028594550502, 105264.281267298705643 ], [ 92929.398413749571773, 105192.203123232611688 ], [ 92958.820301778308931, 105111.468723157711793 ], [ 92970.085965788181056, 105061.109363110124832 ], [ 92864.718733690038789, 105143.953139187098714 ], [ 92797.796877628104994, 105202.921843241885654 ], [ 92689.367181526380591, 105293.273459325690055 ], [ 92696.42190153359843, 105303.960947335624951 ], [ 92697.671885534349713, 105305.851571339400834 ], [ 92708.867213544785045, 105325.22654735748074 ], [ 92742.468749575331458, 105374.593779402712244 ], [ 92747.523405581450788, 105382.023411409318214 ], [ 92866.226573691412341, 105511.4218755307229 ], [ 92913.523405736123095, 105564.078131579357432 ], [ 93001.875021818108507, 105660.460915668620146 ], [ 93013.445325827196939, 105671.523443678743206 ], [ 93278.007822074869182, 105924.226547915139236 ], [ 93340.898446133855032, 105974.703155961542507 ], [ 93342.906254134926712, 105976.296883963848813 ], [ 93372.437518161706976, 105999.999987984105246 ], [ 93392.703118180434103, 106019.406260003030184 ], [ 93403.898446190869436, 106030.14059601307963 ], [ 93407.078094193988363, 106033.187508015180356 ], [ 93625.1484303973848, 105938.281267926460714 ], [ 93620.890638394645066, 105931.351539920287905 ], [ 93786.023438548727427, 105863.703155858864193 ], [ 93812.125006571019185, 105887.67185987974517 ], [ 93872.8021039308951, 105945.430549333948875 ] ] ] ] } },
{ "type": "Feature", "properties": { "OBJECTID": 359, "AREA": 636885.0, "PERIMETER": 4609.72, "BAR_": 360, "BAR_ID": 712, "NOMB_BARR": "MONTEVIDEO", "BAR_COD": "006307", "FORMA": 95, "COD_ZONA": "C", "COD_LOC": "09", "ACTUALIZ": 0, "Shape_Leng": 4609.7200263000004, "Shape_Area": 91.424571309000001 }, "geometry": { "type": "MultiPolygon", "coordinates": [ [ [ [ 95053.18757266967441, 104847.578431708665448 ], [ 95052.070287725669914, 104846.226546910649631 ], [ 95037.515869204842602, 104859.906850553234108 ], [ 95050.657036923861597, 104849.55644292740908 ], [ 95053.18757266967441, 104847.578431708665448 ] ] ], [ [ [ 94951.095579326938605, 104937.494575313758105 ], [ 94955.378241538026487, 104931.533215880743228 ], [ 94941.828111623326549, 104947.023411004527588 ], [ 94936.847700096550398, 104952.705536352092167 ], [ 94942.299112865075585, 104955.900861635789624 ], [ 94951.095579326938605, 104937.494575313758105 ] ] ] ] } },
{ "type": "Feature", "properties": { "OBJECTID": 363, "AREA": 176693.0, "PERIMETER": 1822.54, "BAR_": 364, "BAR_ID": 45, "NOMB_BARR": "LOS ALMENDROS", "BAR_COD": "105204", "FORMA": 99, "COD_ZONA": "S", "COD_LOC": "08", "ACTUALIZ": 0, "Shape_Leng": 1822.52849567, "Shape_Area": 176692.459218 }, "geometry": { "type": "MultiPolygon", "coordinates": [ [ [ [ 89383.812490448079188, 105421.578099445192493 ], [ 89406.343754468529369, 105388.179699414395145 ], [ 89269.164042340402375, 105326.570291357726092 ], [ 89192.406218269068631, 105292.468723325961037 ], [ 89127.578122208433342, 105256.45310729261837 ], [ 89095.710922179787303, 105310.171891342295567 ], [ 89086.710922171652783, 105325.343731357017532 ], [ 89073.015626157488441, 105348.429683378039044 ], [ 89071.078154155839002, 105351.703155382158002 ], [ 89069.5077861542959, 105354.35153938253643 ], [ 88817.812489920295775, 105778.710963778983569 ], [ 88818.585929921406205, 105779.187507778638974 ], [ 88929.804682024609065, 105852.742195847502444 ], [ 88964.546890057157725, 105873.671859867085004 ], [ 89035.609354124506353, 105919.156275910456316 ], [ 89038.234378126333468, 105915.406259906681953 ], [ 89374.882826439381461, 105434.36721945721365 ], [ 89383.812490448079188, 105421.578099445192493 ] ] ] ] } },
{ "type": "Feature", "properties": { "OBJECTID": 364, "AREA": 732345.0, "PERIMETER": 3875.52, "BAR_": 365, "BAR_ID": 42, "NOMB_BARR": "OSORIO XII", "BAR_COD": "105212", "FORMA": 2000, "COD_ZONA": "S", "COD_LOC": "08", "ACTUALIZ": 0, "Shape_Leng": 3875.5223215699998, "Shape_Area": 727679.30028099997 }, "geometry": { "type": "MultiPolygon", "coordinates": [ [ [ [ 88809.21095391237759, 105171.468723214231431 ], [ 88815.726537918279064, 105159.226547202808433 ], [ 88817.648457920658984, 105155.64062719795038 ], [ 89072.046858158137184, 104680.750002757224138 ], [ 89055.538998933392577, 104672.087930927649722 ], [ 88818.624969922224409, 104547.773426632469636 ], [ 88554.546862302275258, 104409.184620318817906 ], [ 88464.317906834810856, 104602.840485367341898 ], [ 88423.414146254537627, 104690.635391849005828 ], [ 88350.790755616384558, 104846.502786365061183 ], [ 88221.176533987716539, 105115.2690422697342 ], [ 88133.60040916109574, 105305.464738407492405 ], [ 88130.022269882785622, 105313.238051054024254 ], [ 88093.812169648575946, 105391.878895412097336 ], [ 88007.501849363470683, 105598.191644512538915 ], [ 88035.943199059154722, 105616.422343410420581 ], [ 88041.539081198105123, 105615.679667626187438 ], [ 88093.453129244968295, 105628.046899637949537 ], [ 88168.593737316870829, 105677.96094768520561 ], [ 88210.984393355829525, 105712.648435716881067 ], [ 88247.445321389503079, 105742.476531745822285 ], [ 88324.398409462024574, 105805.710963803430786 ], [ 88379.226569512888091, 105858.671859853493515 ], [ 88400.679830909808516, 105888.087405178841436 ], [ 88416.210953545596567, 105909.382835901196813 ], [ 88421.32032955037721, 105899.781235890870448 ], [ 88809.21095391237759, 105171.468723214231431 ] ] ] ] } },
{ "type": "Feature", "properties": { "OBJECTID": 367, "AREA": 1223280.0, "PERIMETER": 6148.71, "BAR_": 368, "BAR_ID": 681, "NOMB_BARR": "OSORIO", "BAR_COD": "105201", "FORMA": 95, "COD_ZONA": "C", "COD_LOC": "08", "ACTUALIZ": 0, "Shape_Leng": 6148.6837208799998, "Shape_Area": 1223273.9883900001 }, "geometry": { "type": "MultiPolygon", "coordinates": [ [ [ [ 92742.468749575331458, 105374.593779402712244 ], [ 92708.867213544785045, 105325.22654735748074 ], [ 92697.671885534349713, 105305.851571339400834 ], [ 92696.42190153359843, 105303.960947335624951 ], [ 92689.367181526380591, 105293.273459325690055 ], [ 92509.882829358786694, 105021.476531073320075 ], [ 92313.24999717544415, 104711.296882785682101 ], [ 92216.796877086744644, 104664.398450741908164 ], [ 92133.750029009301215, 104621.726578701563994 ], [ 92158.000013030876289, 104597.382834678282961 ], [ 92151.109389024801203, 104593.539058675029082 ], [ 92035.882828918707673, 104526.031218611693475 ], [ 92011.445324895947124, 104559.093746643935447 ], [ 91976.94529286173929, 104720.101554793363903 ], [ 91953.945292840930051, 104757.476530827727402 ], [ 91619.429708529292839, 104438.617202531240764 ], [ 91558.671884472438251, 104376.539058471971657 ], [ 91396.757836321601644, 104702.812530777300708 ], [ 91288.031244220619556, 104921.898418980868882 ], [ 91417.945292342512403, 105037.531251088686986 ], [ 91412.974879563495051, 105044.156555462323013 ], [ 91397.765644323997549, 105064.42968311435834 ], [ 91257.148428192114807, 105251.921843288466334 ], [ 91134.718732077715686, 105429.999987454924849 ], [ 91339.203148269429221, 105574.070323589126929 ], [ 91566.914060480252374, 105211.578099250706146 ], [ 91736.539084639880457, 105355.648435384908225 ], [ 91597.125004508648999, 105541.539059557413566 ], [ 91585.507788497954607, 105527.593779545626603 ], [ 91552.976588467747206, 105569.421875583211659 ], [ 91710.984396614454454, 105711.156275715547963 ], [ 91896.875020789186237, 105488.093747509119567 ], [ 92280.184589302079985, 105859.4826232282212 ], [ 92284.492173149774317, 105863.656243857258232 ], [ 92293.672974205255741, 105853.863391477701953 ], [ 92604.648461447912268, 105522.156275540051865 ], [ 92742.468749575331458, 105374.593779402712244 ] ] ] ] } },
{ "type": "Feature", "properties": { "OBJECTID": 368, "AREA": 584863.0, "PERIMETER": 3430.46, "BAR_": 369, "BAR_ID": 290, "NOMB_BARR": "VILLA ALSACIA", "BAR_COD": "006512", "FORMA": 2000, "COD_ZONA": "C", "COD_LOC": "08", "ACTUALIZ": 0, "Shape_Leng": 3430.46223702, "Shape_Area": 429131.77317900001 }, "geometry": { "type": "MultiPolygon", "coordinates": [ [ [ [ 94941.828111623326549, 104947.023411004527588 ], [ 94882.984399569570087, 104915.593778973983717 ], [ 94875.049557943057152, 104928.221176870603813 ], [ 94883.134658534516348, 104921.221837175573455 ], [ 94936.847700096550398, 104952.705536352092167 ], [ 94941.828111623326549, 104947.023411004527588 ] ] ], [ [ [ 94458.062479173269821, 104648.898418727127137 ], [ 94436.492175152903656, 104630.023410708759911 ], [ 94432.351567149700713, 104636.898418716271408 ], [ 94212.960910946116201, 105001.562483055429766 ], [ 94125.726542863849318, 105142.546867186698364 ], [ 94248.835918977652909, 105219.726579258305719 ], [ 94226.960910958776367, 105265.101555299916072 ], [ 94204.171854936983436, 105300.117171332371072 ], [ 94199.726542933043675, 105307.898419341305271 ], [ 94190.281230924578267, 105321.22654735163087 ], [ 94153.601550890380167, 105372.367219401116017 ], [ 94139.70311887646676, 105395.710963421268389 ], [ 94114.140622853985406, 105440.726579464986571 ], [ 94086.749556111171842, 105483.762146051070886 ], [ 94085.703118827601429, 105485.406259506416973 ], [ 94089.539086829361622, 105489.148467508697649 ], [ 94101.687502841305104, 105501.02341151922883 ], [ 94132.828110871181707, 105529.70315554770059 ], [ 94142.97659088060027, 105538.632819554186426 ], [ 94171.624974906721036, 105563.851571579551091 ], [ 94202.570631415437674, 105589.068905893596821 ], [ 94217.164046949474141, 105600.960947613304597 ], [ 94221.468750953834387, 105604.546867615921656 ], [ 94247.945294977005688, 105626.6796676361555 ], [ 94265.335096666778554, 105641.370196756601217 ], [ 94272.406222999823513, 105647.343731657310855 ], [ 94294.750031020579627, 105665.476531673921272 ], [ 94318.992207045099349, 105684.328115690033883 ], [ 94320.677522217330988, 105685.637997485900996 ], [ 94323.726543047494488, 105688.007795694356901 ], [ 94336.082625555267441, 105697.214197347639129 ], [ 94339.253301985270809, 105694.178666442268877 ], [ 94362.432208607948269, 105670.514083769798162 ], [ 94389.135052805606392, 105646.982572354172589 ], [ 94408.142686983104795, 105632.451158793046488 ], [ 94488.876308330800384, 105568.919287232216448 ], [ 94566.383269587822724, 105509.496933842310682 ], [ 94625.781168610294117, 105457.246438618763932 ], [ 94658.850960804556962, 105421.691511115204776 ], [ 94675.64727789904282, 105368.426030562317465 ], [ 94700.966970852387021, 105309.925777649434167 ], [ 94718.489902445944608, 105254.628908364364179 ], [ 94733.629959043231793, 105207.980361791982432 ], [ 94749.770168657589238, 105160.808478820690652 ], [ 94759.683940315284417, 105134.01942648125987 ], [ 94768.558684009010904, 105105.730257926392369 ], [ 94787.276875156603637, 105060.542757958552102 ], [ 94793.612380379476235, 105032.042771399152116 ], [ 94801.318399915355258, 105022.886340626631863 ], [ 94682.539087381592253, 104883.109362944596796 ], [ 94640.07028734391497, 104842.289074907195754 ], [ 94640.07028734391497, 104824.328114889503922 ], [ 94631.093775335117243, 104805.773426872619893 ], [ 94623.30471932690125, 104799.179698865787941 ], [ 94458.062479173269821, 104648.898418727127137 ] ] ] ] } },
{ "type": "Feature", "properties": { "OBJECTID": 372, "AREA": 595575.0, "PERIMETER": 3248.64, "BAR_": 373, "BAR_ID": 291, "NOMB_BARR": "GRANJAS DE TECHO", "BAR_COD": "006306", "FORMA": 95, "COD_ZONA": "C", "COD_LOC": "09", "ACTUALIZ": 0, "Shape_Leng": 3248.6359904699998, "Shape_Area": 1881.3143486399999 }, "geometry": { "type": "MultiPolygon", "coordinates": [ [ [ [ 95470.196037276182324, 104550.862219419301255 ], [ 95320.335951977001969, 104653.32811473030597 ], [ 95267.00782392603287, 104687.781234762893291 ], [ 95181.679695848331903, 104744.398450816544937 ], [ 95138.195343806044548, 104777.210930845205439 ], [ 95088.96871976039256, 104813.312498878774932 ], [ 95063.531279738235753, 104835.468722901263391 ], [ 95052.070287725669914, 104846.226546910649631 ], [ 95053.18757266967441, 104847.578431708665448 ], [ 95106.398727415507892, 104805.985555083912914 ], [ 95121.148457897565095, 104794.563634524150984 ], [ 95193.671307553828228, 104739.555254531907849 ], [ 95205.725867752873455, 104733.258322218403919 ], [ 95251.803472679515835, 104701.773492493026424 ], [ 95282.319008824881166, 104679.171796088747215 ], [ 95355.755847228341736, 104632.764974251447711 ], [ 95402.372729452399653, 104603.553612927731592 ], [ 95449.215938679320971, 104572.561102848849259 ], [ 95475.457884630392073, 104555.873254835547414 ], [ 95470.196037276182324, 104550.862219419301255 ] ] ] ] } },
{ "type": "Feature", "properties": { "OBJECTID": 373, "AREA": 321559.0, "PERIMETER": 2330.97, "BAR_": 374, "BAR_ID": 4, "NOMB_BARR": "CALANDAIMA", "BAR_COD": "105218", "FORMA": 98, "COD_ZONA": "S", "COD_LOC": "08", "ACTUALIZ": 0, "Shape_Leng": 2330.9676567400002, "Shape_Area": 321558.66737799998 }, "geometry": { "type": "MultiPolygon", "coordinates": [ [ [ [ 90439.046859430833138, 105107.671859153837431 ], [ 90436.195339428479201, 105105.703155152863474 ], [ 90435.546891426187358, 105105.249971151759382 ], [ 90429.164043421318638, 105100.203123147133738 ], [ 90408.742219402236515, 105084.031219132230035 ], [ 90079.171851094957674, 104804.929714871366741 ], [ 90070.406219088108628, 104816.132786881789798 ], [ 90012.929675034654792, 104893.781234953770763 ], [ 89685.695306728521246, 105335.882803365879226 ], [ 89651.968778696944355, 105376.296883403061656 ], [ 89660.429706705268472, 105382.351539410097757 ], [ 89666.074761672469322, 105387.039163425040897 ], [ 89989.64065101093729, 105655.726579663998564 ], [ 90125.328139138451661, 105491.726579511130694 ], [ 90272.585931275054463, 105312.27345934510231 ], [ 90303.320331304712454, 105270.648435305745807 ], [ 90430.666846502426779, 105117.734341662580846 ], [ 90439.046859430833138, 105107.671859153837431 ] ] ] ] } },
{ "type": "Feature", "properties": { "OBJECTID": 379, "AREA": 273604.0, "PERIMETER": 2362.67, "BAR_": 380, "BAR_ID": 295, "NOMB_BARR": "VILLA ALSACIA", "BAR_COD": "006510", "FORMA": 92, "COD_ZONA": "C", "COD_LOC": "08", "ACTUALIZ": 2000, "Shape_Leng": 2362.6708609100001, "Shape_Area": 273603.57100900001 }, "geometry": { "type": "MultiPolygon", "coordinates": [ [ [ [ 93981.859406730902265, 105383.960947410247172 ], [ 93971.374990719210473, 105373.718771400628611 ], [ 93956.390190778824035, 105356.595062558189966 ], [ 93867.820302623178577, 105255.382835291558877 ], [ 93736.664078502042685, 105091.656243138582795 ], [ 93665.633003507216927, 104990.470690484624356 ], [ 93664.67188643393456, 104989.10155504346767 ], [ 93661.815815354872029, 104984.443682901401189 ], [ 93603.929678377855453, 104890.039090950769605 ], [ 93598.132814372176654, 104880.437490942669683 ], [ 93596.927279403753346, 104881.053751642175484 ], [ 93381.406222171237459, 104991.226547046317137 ], [ 93118.41409392512287, 105124.156275168759748 ], [ 93074.117197883839253, 105145.929715188860428 ], [ 93134.421901941095712, 105169.132787210139213 ], [ 93172.195341975690098, 105181.710963223144063 ], [ 93144.679693949277862, 105263.453107298948453 ], [ 93143.968781950548873, 105265.562483301007887 ], [ 93163.960909967863699, 105270.820339306170354 ], [ 93190.437517992555513, 105277.773427313120919 ], [ 93314.31252610818774, 105316.578099347942043 ], [ 93341.906254134024493, 105328.843763358716387 ], [ 93439.242190224089427, 105361.289075390217477 ], [ 93720.867214487312594, 105453.398451475964976 ], [ 93804.320334564254154, 105482.039091502098017 ], [ 93809.812494569196133, 105473.789043495722581 ], [ 93899.484366654301994, 105506.257843524334021 ], [ 93981.859406730902265, 105383.960947410247172 ] ] ] ] } },
{ "type": "Feature", "properties": { "OBJECTID": 380, "AREA": 110162.0, "PERIMETER": 1974.38, "BAR_": 381, "BAR_ID": 823, "NOMB_BARR": "EL PARAISO", "BAR_COD": "105341", "FORMA": 98, "COD_ZONA": "S", "COD_LOC": "08", "ACTUALIZ": 0, "Shape_Leng": 1974.3880075500001, "Shape_Area": 110162.973426 }, "geometry": { "type": "MultiPolygon", "coordinates": [ [ [ [ 89660.429706705268472, 105382.351539410097757 ], [ 89651.968778696944355, 105376.296883403061656 ], [ 89685.695306728521246, 105335.882803365879226 ], [ 89684.023434727496351, 105334.609395365070668 ], [ 89613.000010660965927, 105280.601587314697099 ], [ 89744.523466783008189, 105098.390643144302885 ], [ 89750.742218788960599, 105091.093747138729668 ], [ 89756.054666794210789, 105086.88280313386349 ], [ 89840.296906872303225, 104967.890611023220117 ], [ 89921.68749894949724, 104854.531250918618753 ], [ 89933.914058960159309, 104834.820338900477509 ], [ 89830.085962864235626, 104770.726578840854927 ], [ 89824.328138857148588, 104779.023410848050844 ], [ 89824.015626857144525, 104778.851570846905815 ], [ 89765.289034803659888, 104875.023410937137669 ], [ 89761.414090800346457, 104873.29688293451909 ], [ 89730.453130770896678, 104916.851570976243238 ], [ 89704.265610746166203, 104953.179699009604519 ], [ 89675.546890718396753, 104993.726579047113773 ], [ 89642.859402688540285, 105037.476531087799231 ], [ 89406.343754468529369, 105388.179699414395145 ], [ 89383.812490448079188, 105421.578099445192493 ], [ 89561.218762612217688, 105506.148467524079024 ], [ 89660.429706705268472, 105382.351539410097757 ] ] ] ] } },
{ "type": "Feature", "properties": { "OBJECTID": 381, "AREA": 854144.0, "PERIMETER": 4017.72, "BAR_": 382, "BAR_ID": 296, "NOMB_BARR": "COOPERATIVA DE SUB-OFICIALES", "BAR_COD": "006501", "FORMA": 95, "COD_ZONA": "C", "COD_LOC": "08", "ACTUALIZ": 0, "Shape_Leng": 4017.7192402199998, "Shape_Area": 854144.56638600002 }, "geometry": { "type": "MultiPolygon", "coordinates": [ [ [ [ 94432.351567149700713, 104636.898418716271408 ], [ 94283.789071011444321, 104495.796850583239575 ], [ 94277.765647005973733, 104480.226546570527717 ], [ 94255.164046983874869, 104459.148466549871955 ], [ 94242.609358972433256, 104446.593778538430342 ], [ 94166.046862901566783, 104371.710962467870559 ], [ 94132.30471886919986, 104339.601586438642698 ], [ 94000.000014746794477, 104239.617202344466932 ], [ 93808.343758567920304, 104080.476594196545193 ], [ 93770.437518533013645, 104050.468722168618115 ], [ 93723.851534489964251, 104028.359346148441546 ], [ 93599.085966372978874, 104039.406258160001016 ], [ 93341.518063639668981, 104065.771547867829213 ], [ 93338.828110130387358, 104066.046898184329621 ], [ 93355.109390145546058, 104222.476594329506042 ], [ 93366.474525559402537, 104276.735461163319997 ], [ 93380.187470169825247, 104342.203122441133019 ], [ 93386.148430174420355, 104370.656242468307028 ], [ 93416.499982202411047, 104488.093746577447746 ], [ 93450.233649430199875, 104584.587876889534527 ], [ 93463.085966247672332, 104621.351538701390382 ], [ 93464.93752514415246, 104625.344263187333127 ], [ 93497.750030279290513, 104696.10155476941145 ], [ 93537.843726315695676, 104769.773426840052707 ], [ 93566.007822342173313, 104827.203122893406544 ], [ 93598.132814372176654, 104880.437490942669683 ], [ 93603.929678377855453, 104890.039090950769605 ], [ 93661.815815354872029, 104984.443682901401189 ], [ 93664.67188643393456, 104989.10155504346767 ], [ 93665.633003507216927, 104990.470690484624356 ], [ 93736.664078502042685, 105091.656243138582795 ], [ 93867.820302623178577, 105255.382835291558877 ], [ 93956.390190778824035, 105356.595062558189966 ], [ 93971.374990719210473, 105373.718771400628611 ], [ 93981.859406730902265, 105383.960947410247172 ], [ 94000.000014746794477, 105401.679667428077664 ], [ 94085.703118827601429, 105485.406259506416973 ], [ 94086.749556111171842, 105483.762146051070886 ], [ 94114.140622853985406, 105440.726579464986571 ], [ 94139.70311887646676, 105395.710963421268389 ], [ 94153.601550890380167, 105372.367219401116017 ], [ 94190.281230924578267, 105321.22654735163087 ], [ 94199.726542933043675, 105307.898419341305271 ], [ 94204.171854936983436, 105300.117171332371072 ], [ 94226.960910958776367, 105265.101555299916072 ], [ 94248.835918977652909, 105219.726579258305719 ], [ 94125.726542863849318, 105142.546867186698364 ], [ 94212.960910946116201, 105001.562483055429766 ], [ 94432.351567149700713, 104636.898418716271408 ] ] ] ] } },
{ "type": "Feature", "properties": { "OBJECTID": 386, "AREA": 126181.0, "PERIMETER": 1625.68, "BAR_": 387, "BAR_ID": 9, "NOMB_BARR": "PATIO BONITO III", "BAR_COD": "004566", "FORMA": 98, "COD_ZONA": "S", "COD_LOC": "08", "ACTUALIZ": 0, "Shape_Leng": 1625.6823106700001, "Shape_Area": 126181.279398 }, "geometry": { "type": "MultiPolygon", "coordinates": [ [ [ [ 91015.773451968678273, 105150.781235193018802 ], [ 90999.718731953311362, 105136.367219180858228 ], [ 90833.140619797995896, 104986.828147041756893 ], [ 90730.460939701850293, 105099.632819145772373 ], [ 90673.539083648967789, 105047.351539098031935 ], [ 90654.750027630798286, 105030.078131080517778 ], [ 90631.406219609139953, 105008.2578430603171 ], [ 90621.304715600621421, 105001.179699055268429 ], [ 90563.492171545600286, 104951.140595007687807 ], [ 90554.72653953875124, 104959.5937790160242 ], [ 90555.148427539010299, 104959.898419015255058 ], [ 90436.195339428479201, 105105.703155152863474 ], [ 90439.046859430833138, 105107.671859153837431 ], [ 90514.36717950021557, 105159.687475201673806 ], [ 90795.148427762891515, 105404.171891429592506 ], [ 90998.031243951510987, 105171.062515211800928 ], [ 91000.000011953990906, 105168.796851210092427 ], [ 91015.773451968678273, 105150.781235193018802 ] ] ] ] } },
{ "type": "Feature", "properties": { "OBJECTID": 388, "AREA": 270871.0, "PERIMETER": 2418.11, "BAR_": 389, "BAR_ID": 46, "NOMB_BARR": "CIUDAD DE CALI", "BAR_COD": "105207", "FORMA": 98, "COD_ZONA": "S", "COD_LOC": "08", "ACTUALIZ": 0, "Shape_Leng": 2418.1316404099998, "Shape_Area": 270870.44903199997 }, "geometry": { "type": "MultiPolygon", "coordinates": [ [ [ [ 89824.015626857144525, 104778.851570846905815 ], [ 89752.101578789966879, 104738.140594810480252 ], [ 89711.046858751986292, 104716.406258790477295 ], [ 89652.039050697087077, 104684.093746759288479 ], [ 89672.062474715246935, 104651.296882729162462 ], [ 89687.773450731270714, 104627.148466706363251 ], [ 89697.26561073983612, 104611.828146691274014 ], [ 89708.937482749912306, 104592.992178673710441 ], [ 89705.960906747248373, 104590.976562673356966 ], [ 89702.843722744990373, 104588.882802669832017 ], [ 89709.640650750865461, 104578.531250659958459 ], [ 89707.320330749775167, 104577.023410658555804 ], [ 89567.195338617588277, 104495.546866583390511 ], [ 89499.203146555330022, 104613.22654669311305 ], [ 89127.578122208433342, 105256.45310729261837 ], [ 89192.406218269068631, 105292.468723325961037 ], [ 89269.164042340402375, 105326.570291357726092 ], [ 89406.343754468529369, 105388.179699414395145 ], [ 89642.859402688540285, 105037.476531087799231 ], [ 89675.546890718396753, 104993.726579047113773 ], [ 89704.265610746166203, 104953.179699009604519 ], [ 89730.453130770896678, 104916.851570976243238 ], [ 89761.414090800346457, 104873.29688293451909 ], [ 89765.289034803659888, 104875.023410937137669 ], [ 89824.015626857144525, 104778.851570846905815 ] ] ] ] } },
{ "type": "Feature", "properties": { "OBJECTID": 390, "AREA": 271562.0, "PERIMETER": 2338.68, "BAR_": 391, "BAR_ID": 56, "NOMB_BARR": "DINDALITO", "BAR_COD": "105206", "FORMA": 98, "COD_ZONA": "S", "COD_LOC": "08", "ACTUALIZ": 0, "Shape_Leng": 2338.67799724, "Shape_Area": 271561.53433599998 }, "geometry": { "type": "MultiPolygon", "coordinates": [ [ [ [ 89127.578122208433342, 105256.45310729261837 ], [ 89499.203146555330022, 104613.22654669311305 ], [ 89179.765642256694264, 104479.656242569166352 ], [ 89177.000010255273082, 104478.500018567894585 ], [ 89157.914058237874997, 104514.703154602451832 ], [ 89072.046858158137184, 104680.750002757224138 ], [ 88817.648457920658984, 105155.64062719795038 ], [ 88815.726537918279064, 105159.226547202808433 ], [ 88809.21095391237759, 105171.468723214231431 ], [ 88949.437514043311239, 105249.218739284973708 ], [ 88932.406218027099385, 105279.171891314239474 ], [ 88998.656266088190023, 105313.140595344186295 ], [ 89071.078154155839002, 105351.703155382158002 ], [ 89073.015626157488441, 105348.429683378039044 ], [ 89086.710922171652783, 105325.343731357017532 ], [ 89095.710922179787303, 105310.171891342295567 ], [ 89127.578122208433342, 105256.45310729261837 ] ] ] ] } },
{ "type": "Feature", "properties": { "OBJECTID": 391, "AREA": 83227.7, "PERIMETER": 1926.83, "BAR_": 392, "BAR_ID": 5, "NOMB_BARR": "EL PARAISO BOSA", "BAR_COD": "004541", "FORMA": 98, "COD_ZONA": "S", "COD_LOC": "08", "ACTUALIZ": 0, "Shape_Leng": 1926.8269901599999, "Shape_Area": 83227.670664699996 }, "geometry": { "type": "MultiPolygon", "coordinates": [ [ [ [ 90079.171851094957674, 104804.929714871366741 ], [ 90178.35156318868394, 104678.101554753127857 ], [ 90204.593739212796208, 104643.382834722142434 ], [ 90121.710923134989571, 104580.289074663407519 ], [ 89993.875019015860744, 104755.109362826537108 ], [ 89933.914058960159309, 104834.820338900477509 ], [ 89921.68749894949724, 104854.531250918618753 ], [ 89840.296906872303225, 104967.890611023220117 ], [ 89756.054666794210789, 105086.88280313386349 ], [ 89750.742218788960599, 105091.093747138729668 ], [ 89744.523466783008189, 105098.390643144302885 ], [ 89613.000010660965927, 105280.601587314697099 ], [ 89684.023434727496351, 105334.609395365070668 ], [ 89685.695306728521246, 105335.882803365879226 ], [ 90012.929675034654792, 104893.781234953770763 ], [ 90070.406219088108628, 104816.132786881789798 ], [ 90079.171851094957674, 104804.929714871366741 ] ] ] ] } },
{ "type": "Feature", "properties": { "OBJECTID": 393, "AREA": 487763.0, "PERIMETER": 3490.78, "BAR_": 394, "BAR_ID": 303, "NOMB_BARR": "CASTILLA", "BAR_COD": "006506", "FORMA": 95, "COD_ZONA": "C", "COD_LOC": "08", "ACTUALIZ": 0, "Shape_Leng": 3490.78157723, "Shape_Area": 487761.35853799997 }, "geometry": { "type": "MultiPolygon", "coordinates": [ [ [ [ 93143.968781950548873, 105265.562483301007887 ], [ 93144.679693949277862, 105263.453107298948453 ], [ 93172.195341975690098, 105181.710963223144063 ], [ 93134.421901941095712, 105169.132787210139213 ], [ 93074.117197883839253, 105145.929715188860428 ], [ 93118.41409392512287, 105124.156275168759748 ], [ 92958.992205776507035, 104807.476530875195749 ], [ 92882.718733706322382, 104657.429682734902599 ], [ 92845.789069672275218, 104588.203122670442099 ], [ 92803.539085632190108, 104527.843762613803847 ], [ 92765.015629596542567, 104472.796850562415784 ], [ 92703.09377353914897, 104401.171890495214029 ], [ 92607.421901450827136, 104311.96875441269367 ], [ 92549.210957394869183, 104265.039090369595215 ], [ 92525.335949374188203, 104245.79685035032162 ], [ 92443.757837298020604, 104324.632818424404832 ], [ 92282.976589148398489, 104474.203122562816134 ], [ 92151.109389024801203, 104593.539058675029082 ], [ 92158.000013030876289, 104597.382834678282961 ], [ 92133.750029009301215, 104621.726578701563994 ], [ 92216.796877086744644, 104664.398450741908164 ], [ 92313.24999717544415, 104711.296882785682101 ], [ 92509.882829358786694, 105021.476531073320075 ], [ 92689.367181526380591, 105293.273459325690055 ], [ 92797.796877628104994, 105202.921843241885654 ], [ 92864.718733690038789, 105143.953139187098714 ], [ 92970.085965788181056, 105061.109363110124832 ], [ 92958.820301778308931, 105111.468723157711793 ], [ 92929.398413749571773, 105192.203123232611688 ], [ 93139.07028594550502, 105264.281267298705643 ], [ 93143.968781950548873, 105265.562483301007887 ] ] ] ] } },
{ "type": "Feature", "properties": { "OBJECTID": 397, "AREA": 325011.0, "PERIMETER": 2687.88, "BAR_": 398, "BAR_ID": 10, "NOMB_BARR": "PATIO BONITO", "BAR_COD": "004554", "FORMA": 98, "COD_ZONA": "S", "COD_LOC": "08", "ACTUALIZ": 0, "Shape_Leng": 2687.8758475, "Shape_Area": 325012.54817999998 }, "geometry": { "type": "MultiPolygon", "coordinates": [ [ [ [ 91094.593740040465491, 105060.703155109920772 ], [ 91057.867212006167392, 105028.421875080268364 ], [ 91085.18746803283284, 104999.351539052368025 ], [ 91004.734347956386046, 104914.156274974258849 ], [ 91000.000011953990906, 104909.156274969733204 ], [ 90996.67969194977195, 104905.632818965765182 ], [ 90996.242187948722858, 104905.171890964673366 ], [ 90993.765643947263015, 104903.226546964462614 ], [ 90987.468747940380126, 104909.109362968127243 ], [ 90940.835915897230734, 104867.953138930664863 ], [ 91001.609355954860803, 104799.406258867806173 ], [ 91061.117196010949556, 104732.296882804686902 ], [ 90971.203147925276426, 104660.90622673726466 ], [ 90696.710923670922057, 104421.242162513459334 ], [ 90617.867211596851121, 104340.773426440689946 ], [ 90574.664075555978343, 104387.390642483063857 ], [ 90578.32813955952588, 104396.593778490961995 ], [ 90457.49997944671486, 104549.367218634070014 ], [ 90452.023435442548362, 104549.367218634070014 ], [ 90395.664075389533537, 104628.421874707157258 ], [ 90400.750027394271456, 104631.546866710908944 ], [ 90297.023435297829565, 104766.343730835564202 ], [ 90416.843723408950609, 104859.406258922113921 ], [ 90554.72653953875124, 104959.5937790160242 ], [ 90563.492171545600286, 104951.140595007687807 ], [ 90621.304715600621421, 105001.179699055268429 ], [ 90631.406219609139953, 105008.2578430603171 ], [ 90654.750027630798286, 105030.078131080517778 ], [ 90673.539083648967789, 105047.351539098031935 ], [ 90730.460939701850293, 105099.632819145772373 ], [ 90833.140619797995896, 104986.828147041756893 ], [ 90999.718731953311362, 105136.367219180858228 ], [ 91015.773451968678273, 105150.781235193018802 ], [ 91094.593740040465491, 105060.703155109920772 ] ] ] ] } },
{ "type": "Feature", "properties": { "OBJECTID": 398, "AREA": 361179.0, "PERIMETER": 2610.52, "BAR_": 399, "BAR_ID": 306, "NOMB_BARR": "BAVARIA", "BAR_COD": "006504", "FORMA": 92, "COD_ZONA": "C", "COD_LOC": "08", "ACTUALIZ": 2000, "Shape_Leng": 2610.5237289400002, "Shape_Area": 361179.34865399997 }, "geometry": { "type": "MultiPolygon", "coordinates": [ [ [ [ 93598.132814372176654, 104880.437490942669683 ], [ 93566.007822342173313, 104827.203122893406544 ], [ 93537.843726315695676, 104769.773426840052707 ], [ 93497.750030279290513, 104696.10155476941145 ], [ 93464.93752514415246, 104625.344263187333127 ], [ 93463.085966247672332, 104621.351538701390382 ], [ 93450.233649430199875, 104584.587876889534527 ], [ 93416.499982202411047, 104488.093746577447746 ], [ 93386.148430174420355, 104370.656242468307028 ], [ 93380.187470169825247, 104342.203122441133019 ], [ 93378.579398053901969, 104342.627545359617216 ], [ 93293.132814089476597, 104365.179698461899534 ], [ 93215.5781260169897, 104388.843762483564205 ], [ 93157.742157961911289, 104407.242162500799168 ], [ 93128.734349936392391, 104416.906226509774569 ], [ 93042.382797855505487, 104445.117170536366757 ], [ 92985.085965801757993, 104298.781234399735695 ], [ 92858.374989683041349, 104508.382834595511667 ], [ 92803.539085632190108, 104527.843762613803847 ], [ 92845.789069672275218, 104588.203122670442099 ], [ 92882.718733706322382, 104657.429682734902599 ], [ 92958.992205776507035, 104807.476530875195749 ], [ 93118.41409392512287, 105124.156275168759748 ], [ 93381.406222171237459, 104991.226547046317137 ], [ 93596.927279403753346, 104881.053751642175484 ], [ 93598.132814372176654, 104880.437490942669683 ] ] ] ] } },
{ "type": "Feature", "properties": { "OBJECTID": 399, "AREA": 81574.0, "PERIMETER": 1288.72, "BAR_": 400, "BAR_ID": 8, "NOMB_BARR": "CAMPO HERMOSO", "BAR_COD": "004558", "FORMA": 98, "COD_ZONA": "S", "COD_LOC": "08", "ACTUALIZ": 0, "Shape_Leng": 1288.71716197, "Shape_Area": 81573.950592299996 }, "geometry": { "type": "MultiPolygon", "coordinates": [ [ [ [ 90554.72653953875124, 104959.5937790160242 ], [ 90416.843723408950609, 104859.406258922113921 ], [ 90297.023435297829565, 104766.343730835564202 ], [ 90295.218763296492398, 104768.093746837519575 ], [ 90263.226571266801329, 104743.101554814173141 ], [ 90201.64065120946907, 104695.710962769982871 ], [ 90178.35156318868394, 104678.101554753127857 ], [ 90079.171851094957674, 104804.929714871366741 ], [ 90408.742219402236515, 105084.031219132230035 ], [ 90429.164043421318638, 105100.203123147133738 ], [ 90435.546891426187358, 105105.249971151759382 ], [ 90436.195339428479201, 105105.703155152863474 ], [ 90555.148427539010299, 104959.898419015255058 ], [ 90554.72653953875124, 104959.5937790160242 ] ] ] ] } },
{ "type": "Feature", "properties": { "OBJECTID": 401, "AREA": 46574.6, "PERIMETER": 947.464, "BAR_": 402, "BAR_ID": 12, "NOMB_BARR": "TAIRONA", "BAR_COD": "004564", "FORMA": 98, "COD_ZONA": "S", "COD_LOC": "08", "ACTUALIZ": 0, "Shape_Leng": 947.46399677800002, "Shape_Area": 46574.653975000001 }, "geometry": { "type": "MultiPolygon", "coordinates": [ [ [ [ 91247.570316183337127, 104885.890610946778907 ], [ 91154.914060096285539, 104809.226546874939231 ], [ 91067.984396016981918, 104737.742194809543435 ], [ 91061.117196010949556, 104732.296882804686902 ], [ 91001.609355954860803, 104799.406258867806173 ], [ 90940.835915897230734, 104867.953138930664863 ], [ 90987.468747940380126, 104909.109362968127243 ], [ 90993.765643947263015, 104903.226546964462614 ], [ 90996.242187948722858, 104905.171890964673366 ], [ 90996.67969194977195, 104905.632818965765182 ], [ 91000.000011953990906, 104909.156274969733204 ], [ 91004.734347956386046, 104914.156274974258849 ], [ 91085.18746803283284, 104999.351539052368025 ], [ 91057.867212006167392, 105028.421875080268364 ], [ 91094.593740040465491, 105060.703155109920772 ], [ 91239.632844176245271, 104894.937522956548491 ], [ 91247.570316183337127, 104885.890610946778907 ] ] ] ] } },
{ "type": "Feature", "properties": { "OBJECTID": 402, "AREA": 891108.0, "PERIMETER": 4898.53, "BAR_": 403, "BAR_ID": 310, "NOMB_BARR": "MARSELLA", "BAR_COD": "006502", "FORMA": 92, "COD_ZONA": "C", "COD_LOC": "08", "ACTUALIZ": 2000, "Shape_Leng": 4898.5262566000001, "Shape_Area": 890438.64260699996 }, "geometry": { "type": "MultiPolygon", "coordinates": [ [ [ [ 94875.049557943057152, 104928.221176870603813 ], [ 94882.984399569570087, 104915.593778973983717 ], [ 94890.398415575400577, 104901.65624296219903 ], [ 94887.17185557288758, 104873.29688293451909 ], [ 94871.062479558138875, 104765.023410835376126 ], [ 94862.039055549947079, 104702.500018777296646 ], [ 94811.765647502572392, 104500.11717058836075 ], [ 94769.687503463632311, 104341.937522440508474 ], [ 94750.140623445127858, 104252.593778358408599 ], [ 94648.22657535081089, 104001.28126612235792 ], [ 94631.679695335013093, 103870.117170000434271 ], [ 94616.546895321138436, 103743.507825884211343 ], [ 94608.234121606685221, 103666.41714834094455 ], [ 94607.67188731180795, 103661.203121807047864 ], [ 94478.42324620479485, 103677.958862113606301 ], [ 94361.617167083837558, 103693.101553837244865 ], [ 94000.000014746794477, 103723.953137864213204 ], [ 93314.109390108438674, 103790.703153927228414 ], [ 93315.052125712012639, 103802.127166178222978 ], [ 93330.07809412208735, 103984.210930107539752 ], [ 93337.08596612920519, 104049.289074167289073 ], [ 93338.828110130387358, 104066.046898184329621 ], [ 93341.518063639668981, 104065.771547867829213 ], [ 93599.085966372978874, 104039.406258160001016 ], [ 93723.851534489964251, 104028.359346148441546 ], [ 93770.437518533013645, 104050.468722168618115 ], [ 93808.343758567920304, 104080.476594196545193 ], [ 94000.000014746794477, 104239.617202344466932 ], [ 94132.30471886919986, 104339.601586438642698 ], [ 94166.046862901566783, 104371.710962467870559 ], [ 94242.609358972433256, 104446.593778538430342 ], [ 94255.164046983874869, 104459.148466549871955 ], [ 94277.765647005973733, 104480.226546570527717 ], [ 94283.789071011444321, 104495.796850583239575 ], [ 94432.351567149700713, 104636.898418716271408 ], [ 94436.492175152903656, 104630.023410708759911 ], [ 94458.062479173269821, 104648.898418727127137 ], [ 94623.30471932690125, 104799.179698865787941 ], [ 94631.093775335117243, 104805.773426872619893 ], [ 94640.07028734391497, 104824.328114889503922 ], [ 94640.07028734391497, 104842.289074907195754 ], [ 94682.539087381592253, 104883.109362944596796 ], [ 94801.318399915355258, 105022.886340626631863 ], [ 94805.526361035910668, 105017.886365673039109 ], [ 94818.713847523948061, 105004.222286692078342 ], [ 94854.853749055575463, 104955.425194985116832 ], [ 94863.416163291112753, 104938.292304626113037 ], [ 94875.049557943057152, 104928.221176870603813 ] ] ] ] } },
{ "type": "Feature", "properties": { "OBJECTID": 406, "AREA": 602472.0, "PERIMETER": 3483.8, "BAR_": 407, "BAR_ID": 312, "NOMB_BARR": "LUSITANIA", "BAR_COD": "006509", "FORMA": 95, "COD_ZONA": "C", "COD_LOC": "08", "ACTUALIZ": 0, "Shape_Leng": 3483.8020643599998, "Shape_Area": 597754.28883600002 }, "geometry": { "type": "MultiPolygon", "coordinates": [ [ [ [ 94955.378241538026487, 104931.533215880743228 ], [ 94961.978322388618835, 104922.346067253878573 ], [ 95037.15723027146305, 104860.18932614629739 ], [ 95037.515869204842602, 104859.906850553234108 ], [ 95052.070287725669914, 104846.226546910649631 ], [ 95063.531279738235753, 104835.468722901263391 ], [ 95088.96871976039256, 104813.312498878774932 ], [ 95138.195343806044548, 104777.210930845205439 ], [ 95181.679695848331903, 104744.398450816544937 ], [ 95267.00782392603287, 104687.781234762893291 ], [ 95320.335951977001969, 104653.32811473030597 ], [ 95470.196037276182324, 104550.862219419301255 ], [ 95459.059311087039532, 104540.256337943734252 ], [ 95389.043351606378565, 104473.577564399296534 ], [ 95370.347780125273857, 104455.062182609603042 ], [ 95354.292914781210129, 104434.265471773149329 ], [ 95339.488104111514986, 104411.664063566713594 ], [ 95327.636256228273851, 104383.687686509103514 ], [ 95018.583050772242132, 103628.872251910681371 ], [ 95014.619311363101588, 103619.191465856434661 ], [ 94762.835919458389981, 103641.093745788690285 ], [ 94607.67188731180795, 103661.203121807047864 ], [ 94608.234121606685221, 103666.41714834094455 ], [ 94616.546895321138436, 103743.507825884211343 ], [ 94631.679695335013093, 103870.117170000434271 ], [ 94648.22657535081089, 104001.28126612235792 ], [ 94750.140623445127858, 104252.593778358408599 ], [ 94769.687503463632311, 104341.937522440508474 ], [ 94811.765647502572392, 104500.11717058836075 ], [ 94862.039055549947079, 104702.500018777296646 ], [ 94871.062479558138875, 104765.023410835376126 ], [ 94887.17185557288758, 104873.29688293451909 ], [ 94890.398415575400577, 104901.65624296219903 ], [ 94882.984399569570087, 104915.593778973983717 ], [ 94941.828111623326549, 104947.023411004527588 ], [ 94955.378241538026487, 104931.533215880743228 ] ] ] ] } },
{ "type": "Feature", "properties": { "OBJECTID": 407, "AREA": 391523.0, "PERIMETER": 2869.13, "BAR_": 408, "BAR_ID": 3060, "NOMB_BARR": "OSORIO", "BAR_COD": "105208", "FORMA": 95, "COD_ZONA": "S", "COD_LOC": "08", "ACTUALIZ": 0, "Shape_Leng": 2869.0988051200002, "Shape_Area": 391520.60240600002 }, "geometry": { "type": "MultiPolygon", "coordinates": [ [ [ [ 91558.671884472438251, 104376.539058471971657 ], [ 91524.96360686144908, 104342.099881940346677 ], [ 91519.757836437347578, 104336.781234436348313 ], [ 91494.257804413529811, 104309.890610409944202 ], [ 91438.50449875506456, 104246.870452982533607 ], [ 91412.320332337258151, 104217.273458325231331 ], [ 91379.015628306660801, 104180.718770289851818 ], [ 91371.351564299475285, 104169.898418280296028 ], [ 91368.416402150047361, 104172.833391649066471 ], [ 91249.953100185302901, 104291.289074392974726 ], [ 91229.382796165838954, 104195.968754305489711 ], [ 91222.429708161114831, 104196.257842305451049 ], [ 91201.726540139847202, 104091.382834207019187 ], [ 90877.828107838722644, 104157.929714270270779 ], [ 90901.789067861827789, 104253.781234359004884 ], [ 90778.976587747267331, 104283.726578386776964 ], [ 90772.984395741106709, 104259.773426365165506 ], [ 90699.906251674110536, 104277.703154381306376 ], [ 90705.242187678697519, 104292.187506395115633 ], [ 90707.132811680246959, 104295.999986397539033 ], [ 90707.273419679841027, 104296.398450397755369 ], [ 90707.765643681763322, 104297.703154399394407 ], [ 90715.734347688179696, 104318.632818418962415 ], [ 90718.640651690686354, 104325.898418425931595 ], [ 90718.851531690423144, 104326.398450427135685 ], [ 90733.406219703683746, 104364.999986462207744 ], [ 90738.96877970956848, 104373.13278646976687 ], [ 90702.668714898914914, 104414.459385405789362 ], [ 90696.710923670922057, 104421.242162513459334 ], [ 90971.203147925276426, 104660.90622673726466 ], [ 91061.117196010949556, 104732.296882804686902 ], [ 91067.984396016981918, 104737.742194809543435 ], [ 91154.914060096285539, 104809.226546874939231 ], [ 91247.570316183337127, 104885.890610946778907 ], [ 91261.651530720599112, 104898.422050401306478 ], [ 91288.031244220619556, 104921.898418980868882 ], [ 91396.757836321601644, 104702.812530777300708 ], [ 91558.671884472438251, 104376.539058471971657 ] ] ] ] } },
{ "type": "Feature", "properties": { "OBJECTID": 411, "AREA": 218905.0, "PERIMETER": 2512.27, "BAR_": 412, "BAR_ID": 7, "NOMB_BARR": "PROVIVIENDA OCCIDENTAL", "BAR_COD": "105205", "FORMA": 98, "COD_ZONA": "S", "COD_LOC": "08", "ACTUALIZ": 0, "Shape_Leng": 2512.28783251, "Shape_Area": 218904.355702 }, "geometry": { "type": "MultiPolygon", "coordinates": [ [ [ [ 89993.875019015860744, 104755.109362826537108 ], [ 89889.570314918775694, 104674.906226749939378 ], [ 90222.67188323001028, 104179.890610290080076 ], [ 90308.149936936504673, 104058.906662694003899 ], [ 90310.750027310597943, 104055.226546172561939 ], [ 90218.937483224799507, 103980.00779410416726 ], [ 90191.249995199468685, 103957.632818083366146 ], [ 90190.751908674283186, 103957.229262575187022 ], [ 90187.421899196269806, 103954.531250079671736 ], [ 90181.531275191096938, 103949.773426075727912 ], [ 90168.930151725537144, 103938.031325548567111 ], [ 90140.960907152038999, 103911.968754039582564 ], [ 90132.617163145463564, 103904.640626032458385 ], [ 90103.164043117401889, 103878.773426009240211 ], [ 90103.023435117807821, 103878.656242009703419 ], [ 90102.478757816104917, 103879.629537327957223 ], [ 90083.078155098366551, 103914.296882042166544 ], [ 90060.20314707858779, 103954.453106078741257 ], [ 90037.218763056327589, 103994.593778118258342 ], [ 90014.984395035120542, 104034.937522153792088 ], [ 89992.648459015152184, 104074.648434192262357 ], [ 89948.601546973717632, 104153.21873826420051 ], [ 89903.281226931489073, 104234.781234341819072 ], [ 89881.687498911080183, 104274.062514377787011 ], [ 89857.843722889723722, 104316.656242417200701 ], [ 89837.531274870896596, 104353.351538452174282 ], [ 89814.445322849860531, 104395.023410489404341 ], [ 89793.921866830511135, 104432.593778525755624 ], [ 89772.867210809898097, 104470.382834561125492 ], [ 89749.77345078959479, 104511.703154599730624 ], [ 89735.132810773910023, 104538.593778623908293 ], [ 89728.398410768204485, 104549.906226634586346 ], [ 89723.906250764164724, 104556.859378640830982 ], [ 89718.343754759785952, 104565.249970649718307 ], [ 89709.640650750865461, 104578.531250659958459 ], [ 89702.843722744990373, 104588.882802669832017 ], [ 89705.960906747248373, 104590.976562673356966 ], [ 89708.937482749912306, 104592.992178673710441 ], [ 89697.26561073983612, 104611.828146691274014 ], [ 89687.773450731270714, 104627.148466706363251 ], [ 89672.062474715246935, 104651.296882729162462 ], [ 89652.039050697087077, 104684.093746759288479 ], [ 89711.046858751986292, 104716.406258790477295 ], [ 89752.101578789966879, 104738.140594810480252 ], [ 89824.015626857144525, 104778.851570846905815 ], [ 89824.328138857148588, 104779.023410848050844 ], [ 89830.085962864235626, 104770.726578840854927 ], [ 89933.914058960159309, 104834.820338900477509 ], [ 89993.875019015860744, 104755.109362826537108 ] ] ] ] } },
{ "type": "Feature", "properties": { "OBJECTID": 414, "AREA": 243434.0, "PERIMETER": 2363.49, "BAR_": 415, "BAR_ID": 11, "NOMB_BARR": "PATIO BONITO II", "BAR_COD": "004555", "FORMA": 98, "COD_ZONA": "S", "COD_LOC": "08", "ACTUALIZ": 0, "Shape_Leng": 2363.4861136599998, "Shape_Area": 243434.414639 }, "geometry": { "type": "MultiPolygon", "coordinates": [ [ [ [ 90297.023435297829565, 104766.343730835564202 ], [ 90400.750027394271456, 104631.546866710908944 ], [ 90395.664075389533537, 104628.421874707157258 ], [ 90452.023435442548362, 104549.367218634070014 ], [ 90457.49997944671486, 104549.367218634070014 ], [ 90578.32813955952588, 104396.593778490961995 ], [ 90574.664075555978343, 104387.390642483063857 ], [ 90617.867211596851121, 104340.773426440689946 ], [ 90546.179731399141019, 104267.605191631664638 ], [ 90514.234379499903298, 104234.999986340117175 ], [ 90513.007819499194738, 104233.750002339365892 ], [ 90510.398411495916662, 104231.093746338199708 ], [ 90416.889609506819397, 104154.542753872548928 ], [ 90416.312523409927962, 104154.070322266241419 ], [ 90416.25061171586276, 104153.980322245231946 ], [ 90407.960907402564771, 104141.929714253579732 ], [ 90351.812491348580807, 104095.640626211985364 ], [ 90311.593739311851095, 104060.726578178291675 ], [ 90310.750027310597943, 104055.226546172561939 ], [ 90308.149936936504673, 104058.906662694003899 ], [ 90222.67188323001028, 104179.890610290080076 ], [ 89889.570314918775694, 104674.906226749939378 ], [ 89993.875019015860744, 104755.109362826537108 ], [ 90121.710923134989571, 104580.289074663407519 ], [ 90204.593739212796208, 104643.382834722142434 ], [ 90178.35156318868394, 104678.101554753127857 ], [ 90201.64065120946907, 104695.710962769982871 ], [ 90263.226571266801329, 104743.101554814173141 ], [ 90295.218763296492398, 104768.093746837519575 ], [ 90297.023435297829565, 104766.343730835564202 ] ] ] ] } },
{ "type": "Feature", "properties": { "OBJECTID": 415, "AREA": 409276.0, "PERIMETER": 2748.33, "BAR_": 416, "BAR_ID": 317, "NOMB_BARR": "PIO XII", "BAR_COD": "006505", "FORMA": 95, "COD_ZONA": "C", "COD_LOC": "08", "ACTUALIZ": 0, "Shape_Leng": 2748.3342970200001, "Shape_Area": 409278.10650699999 }, "geometry": { "type": "MultiPolygon", "coordinates": [ [ [ [ 92151.109389024801203, 104593.539058675029082 ], [ 92282.976589148398489, 104474.203122562816134 ], [ 92443.757837298020604, 104324.632818424404832 ], [ 92525.335949374188203, 104245.79685035032162 ], [ 92515.750029363902286, 104238.070322344487067 ], [ 92480.726541332900524, 104209.843762317119399 ], [ 92379.51559723803075, 104160.101554271008354 ], [ 92270.085965136895538, 104106.320306220426573 ], [ 92064.554700944165234, 103999.999986122988048 ], [ 91927.859404816466849, 103933.132786060450599 ], [ 91708.203148612257792, 104146.601586259537726 ], [ 91535.367180450892192, 104321.09374642187322 ], [ 91524.50317924565752, 104332.012135338300141 ], [ 91519.757836437347578, 104336.781234436348313 ], [ 91524.96360686144908, 104342.099881940346677 ], [ 91558.671884472438251, 104376.539058471971657 ], [ 91619.429708529292839, 104438.617202531240764 ], [ 91953.945292840930051, 104757.476530827727402 ], [ 91976.94529286173929, 104720.101554793363903 ], [ 92011.445324895947124, 104559.093746643935447 ], [ 92035.882828918707673, 104526.031218611693475 ], [ 92151.109389024801203, 104593.539058675029082 ] ] ] ] } },
{ "type": "Feature", "properties": { "OBJECTID": 416, "AREA": 852860.0, "PERIMETER": 4267.81, "BAR_": 417, "BAR_ID": 50, "NOMB_BARR": "LAS MARGARITAS", "BAR_COD": "105216", "FORMA": 99, "COD_ZONA": "S", "COD_LOC": "08", "ACTUALIZ": 0, "Shape_Leng": 4267.8125082500001, "Shape_Area": 851931.05045600003 }, "geometry": { "type": "MultiPolygon", "coordinates": [ [ [ [ 89177.000010255273082, 104478.500018567894585 ], [ 89334.390602401254, 104187.351538297501975 ], [ 89402.187530464550946, 104061.937522180451197 ], [ 89406.05466646856803, 104054.476594173014746 ], [ 89414.671882476555766, 104037.859378157794708 ], [ 89668.950584485792206, 103547.579802718566498 ], [ 89673.552274630506872, 103538.70719690308033 ], [ 89711.710922752827173, 103465.132785623573 ], [ 89692.617162736147293, 103465.078129624191206 ], [ 89635.265610681512044, 103438.671857598936185 ], [ 89542.460938595584594, 103400.187505563400919 ], [ 89506.992202563546016, 103387.359345552773448 ], [ 89481.33594653934415, 103387.359345552773448 ], [ 89421.726538482267642, 103398.679665562027367 ], [ 89421.093770482257241, 103398.796849561564159 ], [ 89409.953098471203703, 103396.078129559522495 ], [ 89406.109386469455785, 103395.726577558685676 ], [ 89403.320330465765437, 103396.429681560359313 ], [ 89397.453130460649845, 103403.460913566028466 ], [ 89365.195338430334232, 103409.828145572348149 ], [ 89350.593738417694112, 103406.906225569051458 ], [ 89309.117194378719432, 103391.546865555370459 ], [ 89248.632842321050703, 103345.093745511927409 ], [ 89167.054666245603585, 103275.562481446715537 ], [ 89163.781258242990589, 103272.773425445251632 ], [ 89142.000010223608115, 103253.968753428533091 ], [ 89118.703114201329299, 103224.242161399059114 ], [ 89032.242186120187398, 103083.648433268725057 ], [ 89019.828106108325301, 103074.656241259857779 ], [ 89007.655009828493348, 103075.882195836893516 ], [ 89006.131875911247334, 103079.922886225220282 ], [ 89000.444477680357522, 103093.055726747596054 ], [ 88995.39777256709931, 103108.258790312087513 ], [ 88990.35106380340585, 103123.329214051103918 ], [ 88985.43704506479844, 103139.305657185643213 ], [ 88980.64825834063231, 103153.086949203003314 ], [ 88977.297701666480862, 103159.869428601246909 ], [ 88972.101693247226649, 103177.263762104630587 ], [ 88964.105474405660061, 103211.404991768999025 ], [ 88957.539082051545847, 103275.117169446399203 ], [ 88957.23765405206359, 103278.241257048401167 ], [ 88954.945290049043251, 103301.999985471295076 ], [ 88954.898442048943252, 103302.460913472401444 ], [ 88929.078154025104595, 103569.640625720392563 ], [ 88877.27341797700501, 103701.570289844865329 ], [ 88877.054665976495016, 103702.046897843800252 ], [ 88875.429705974849639, 103705.656241848686477 ], [ 88874.015625972941052, 103708.796849851001753 ], [ 88781.218761886309949, 103914.593778043636121 ], [ 88782.242185887269443, 103915.093746043334249 ], [ 88780.726537886599544, 103918.328114045114489 ], [ 88780.429705886650481, 103918.953138047363609 ], [ 88777.218761882686522, 103925.812530054114177 ], [ 88736.033843550249003, 104013.733696526920539 ], [ 88719.423046613199404, 104051.43090788218251 ], [ 88662.649732140431297, 104177.906582238822011 ], [ 88666.523465780745028, 104180.718770289851818 ], [ 88636.56611335882917, 104235.927970480915974 ], [ 88632.104782481896109, 104245.611038684524829 ], [ 88598.785211792041082, 104317.947144682781072 ], [ 88588.691747602177202, 104335.900414983785595 ], [ 88554.546862302275258, 104409.184620318817906 ], [ 88818.624969922224409, 104547.773426632469636 ], [ 89055.538998933392577, 104672.087930927649722 ], [ 89072.046858158137184, 104680.750002757224138 ], [ 89157.914058237874997, 104514.703154602451832 ], [ 89177.000010255273082, 104478.500018567894585 ] ] ] ] } },
{ "type": "Feature", "properties": { "OBJECTID": 418, "AREA": 200628.0, "PERIMETER": 1997.92, "BAR_": 419, "BAR_ID": 49, "NOMB_BARR": "DINDALITO", "BAR_COD": "105202", "FORMA": 98, "COD_ZONA": "S", "COD_LOC": "08", "ACTUALIZ": 0, "Shape_Leng": 1997.9296807400001, "Shape_Area": 200627.06808600001 }, "geometry": { "type": "MultiPolygon", "coordinates": [ [ [ [ 89709.640650750865461, 104578.531250659958459 ], [ 89718.343754759785952, 104565.249970649718307 ], [ 89723.906250764164724, 104556.859378640830982 ], [ 89728.398410768204485, 104549.906226634586346 ], [ 89735.132810773910023, 104538.593778623908293 ], [ 89749.77345078959479, 104511.703154599730624 ], [ 89772.867210809898097, 104470.382834561125492 ], [ 89793.921866830511135, 104432.593778525755624 ], [ 89814.445322849860531, 104395.023410489404341 ], [ 89837.531274870896596, 104353.351538452174282 ], [ 89694.289034737172187, 104268.218738372728694 ], [ 89699.242186741597834, 104261.617202366614947 ], [ 89534.437514588295016, 104168.570290278614266 ], [ 89560.36717861238867, 104125.031218237665598 ], [ 89558.914058611888322, 104124.140594237018377 ], [ 89468.328138526092516, 104068.687474185426254 ], [ 89458.585930518383975, 104088.179698204548913 ], [ 89406.05466646856803, 104054.476594173014746 ], [ 89402.187530464550946, 104061.937522180451197 ], [ 89334.390602401254, 104187.351538297501975 ], [ 89177.000010255273082, 104478.500018567894585 ], [ 89179.765642256694264, 104479.656242569166352 ], [ 89499.203146555330022, 104613.22654669311305 ], [ 89567.195338617588277, 104495.546866583390511 ], [ 89707.320330749775167, 104577.023410658555804 ], [ 89709.640650750865461, 104578.531250659958459 ] ] ] ] } },
{ "type": "Feature", "properties": { "OBJECTID": 422, "AREA": 581382.0, "PERIMETER": 3846.11, "BAR_": 423, "BAR_ID": 322, "NOMB_BARR": "LAS DOS AVENIDAS", "BAR_COD": "006508", "FORMA": 92, "COD_ZONA": "C", "COD_LOC": "08", "ACTUALIZ": 2000, "Shape_Leng": 3846.1147466299999, "Shape_Area": 581382.07365699997 }, "geometry": { "type": "MultiPolygon", "coordinates": [ [ [ [ 93380.187470169825247, 104342.203122441133019 ], [ 93366.474525559402537, 104276.735461163319997 ], [ 93355.109390145546058, 104222.476594329506042 ], [ 93338.828110130387358, 104066.046898184329621 ], [ 93337.08596612920519, 104049.289074167289073 ], [ 93330.07809412208735, 103984.210930107539752 ], [ 93315.052125712012639, 103802.127166178222978 ], [ 93314.109390108438674, 103790.703153927228414 ], [ 93313.767306955502136, 103790.736434512407868 ], [ 92500.000013349272194, 103869.906226001417963 ], [ 92465.937485318354447, 103872.460914003808284 ], [ 92355.569926293872413, 103880.021542468457483 ], [ 92339.23438120042556, 103881.140594010445056 ], [ 92212.695309082148015, 103885.726578015484847 ], [ 92134.254100130739971, 103888.27331644698279 ], [ 92105.374988981580827, 103889.210930019340594 ], [ 92079.789068959042197, 103889.976562018942786 ], [ 92019.398412901573465, 103892.546866022108588 ], [ 91975.46685912819521, 103902.443398223491386 ], [ 91955.343756842048606, 103906.976562036550604 ], [ 91954.578124842446414, 103907.156274036242394 ], [ 91927.859404816466849, 103933.132786060450599 ], [ 92064.554700944165234, 103999.999986122988048 ], [ 92270.085965136895538, 104106.320306220426573 ], [ 92379.51559723803075, 104160.101554271008354 ], [ 92480.726541332900524, 104209.843762317119399 ], [ 92515.750029363902286, 104238.070322344487067 ], [ 92525.335949374188203, 104245.79685035032162 ], [ 92549.210957394869183, 104265.039090369595215 ], [ 92607.421901450827136, 104311.96875441269367 ], [ 92703.09377353914897, 104401.171890495214029 ], [ 92765.015629596542567, 104472.796850562415784 ], [ 92803.539085632190108, 104527.843762613803847 ], [ 92858.374989683041349, 104508.382834595511667 ], [ 92985.085965801757993, 104298.781234399735695 ], [ 93042.382797855505487, 104445.117170536366757 ], [ 93128.734349936392391, 104416.906226509774569 ], [ 93157.742157961911289, 104407.242162500799168 ], [ 93215.5781260169897, 104388.843762483564205 ], [ 93293.132814089476597, 104365.179698461899534 ], [ 93378.579398053901969, 104342.627545359617216 ], [ 93380.187470169825247, 104342.203122441133019 ] ] ] ] } },
{ "type": "Feature", "properties": { "OBJECTID": 424, "AREA": 23304.7, "PERIMETER": 680.15, "BAR_": 425, "BAR_ID": 14, "NOMB_BARR": "SAUCEDAL", "BAR_COD": "004560", "FORMA": 98, "COD_ZONA": "S", "COD_LOC": "08", "ACTUALIZ": 0, "Shape_Leng": 680.15017464000005, "Shape_Area": 23304.686446899999 }, "geometry": { "type": "MultiPolygon", "coordinates": [ [ [ [ 90699.906251674110536, 104277.703154381306376 ], [ 90699.726539674418746, 104277.210930379369529 ], [ 90690.773451665663742, 104252.890610358357662 ], [ 90689.007819662918337, 104248.070322353538359 ], [ 90685.460939661119482, 104238.609394344297471 ], [ 90673.82810764964961, 104204.421874312334694 ], [ 90672.390603647698299, 104195.898418303841026 ], [ 90671.187531646326534, 104196.179698304506019 ], [ 90513.007819499194738, 104233.750002339365892 ], [ 90514.234379499903298, 104234.999986340117175 ], [ 90546.179731399141019, 104267.605191631664638 ], [ 90617.867211596851121, 104340.773426440689946 ], [ 90696.710923670922057, 104421.242162513459334 ], [ 90702.668714898914914, 104414.459385405789362 ], [ 90738.96877970956848, 104373.13278646976687 ], [ 90733.406219703683746, 104364.999986462207744 ], [ 90718.851531690423144, 104326.398450427135685 ], [ 90718.640651690686354, 104325.898418425931595 ], [ 90715.734347688179696, 104318.632818418962415 ], [ 90707.765643681763322, 104297.703154399394407 ], [ 90707.273419679841027, 104296.398450397755369 ], [ 90707.132811680246959, 104295.999986397539033 ], [ 90705.242187678697519, 104292.187506395115633 ], [ 90699.906251674110536, 104277.703154381306376 ] ] ] ] } },
{ "type": "Feature", "properties": { "OBJECTID": 427, "AREA": 202574.0, "PERIMETER": 1899.05, "BAR_": 428, "BAR_ID": 3102, "NOMB_BARR": "DINTALITO", "BAR_COD": "105231", "FORMA": 98, "COD_ZONA": "S", "COD_LOC": "08", "ACTUALIZ": 0, "Shape_Leng": 1899.0385815100001, "Shape_Area": 202572.96784600001 }, "geometry": { "type": "MultiPolygon", "coordinates": [ [ [ [ 90103.023435117807821, 103878.656242009703419 ], [ 90099.859403115449823, 103876.15627400597441 ], [ 90086.245495387120172, 103865.362695073112263 ], [ 90078.703115094584064, 103859.382833990384825 ], [ 90059.585931077846908, 103844.218737977891578 ], [ 90040.167789892395376, 103824.978275459012366 ], [ 89914.437514941091649, 103700.398449842818081 ], [ 89903.585930932225892, 103687.257841831466067 ], [ 89902.804682931833668, 103686.312497829945642 ], [ 89901.085962928496883, 103684.226545827928931 ], [ 89900.328138928161934, 103683.312497827224433 ], [ 89872.093770901527023, 103651.320305797533365 ], [ 89865.710922896643751, 103667.726577813737094 ], [ 89831.125002863744157, 103641.203121788945282 ], [ 89824.414537023811135, 103653.609861721721245 ], [ 89818.046858853267622, 103665.382833810377633 ], [ 89768.757834806019673, 103756.52344189453288 ], [ 89667.054666711439495, 103944.593778070789995 ], [ 89563.750026614550734, 104119.773426234023646 ], [ 89560.36717861238867, 104125.031218237665598 ], [ 89534.437514588295016, 104168.570290278614266 ], [ 89699.242186741597834, 104261.617202366614947 ], [ 89694.289034737172187, 104268.218738372728694 ], [ 89837.531274870896596, 104353.351538452174282 ], [ 89857.843722889723722, 104316.656242417200701 ], [ 89881.687498911080183, 104274.062514377787011 ], [ 89903.281226931489073, 104234.781234341819072 ], [ 89948.601546973717632, 104153.21873826420051 ], [ 89992.648459015152184, 104074.648434192262357 ], [ 90014.984395035120542, 104034.937522153792088 ], [ 90037.218763056327589, 103994.593778118258342 ], [ 90060.20314707858779, 103954.453106078741257 ], [ 90083.078155098366551, 103914.296882042166544 ], [ 90102.478757816104917, 103879.629537327957223 ], [ 90103.023435117807821, 103878.656242009703419 ] ] ] ] } },
{ "type": "Feature", "properties": { "OBJECTID": 428, "AREA": 775428.0, "PERIMETER": 3772.1, "BAR_": 429, "BAR_ID": 326, "NOMB_BARR": "CIUDAD KENNEDY NORTE", "BAR_COD": "004514", "FORMA": 93, "COD_ZONA": "S", "COD_LOC": "08", "ACTUALIZ": 2000, "Shape_Leng": 3772.1043564199999, "Shape_Area": 775428.474376 }, "geometry": { "type": "MultiPolygon", "coordinates": [ [ [ [ 91927.859404816466849, 103933.132786060450599 ], [ 91954.578124842446414, 103907.156274036242394 ], [ 91955.343756842048606, 103906.976562036550604 ], [ 91958.782988417660818, 103903.509787128830794 ], [ 92146.546893021324649, 103714.242161855843733 ], [ 92159.968781033356208, 103701.273457844916265 ], [ 92065.95310094600427, 103599.507825749460608 ], [ 91974.015628860681318, 103501.632817657358828 ], [ 91940.679692828533007, 103464.976561623203452 ], [ 91882.750028775481042, 103401.312497565348167 ], [ 91750.023436650575604, 103256.460913430768414 ], [ 91621.53127653208503, 103114.296881298170774 ], [ 91515.476556433044607, 103001.242161192800268 ], [ 91455.249996376733179, 102935.242161130852764 ], [ 91383.156236309863743, 103000.617201192057109 ], [ 91270.289036205678713, 103099.828145282896003 ], [ 91237.843724174177623, 103129.960945312588592 ], [ 91149.023436091112671, 103212.460913388727931 ], [ 91000.000011953990906, 103349.390641517005861 ], [ 90979.105699352468946, 103374.765828774805414 ], [ 90976.757835930387955, 103377.617201542132534 ], [ 91000.000011953990906, 103402.531249566774932 ], [ 91020.733672642338206, 103424.518907820820459 ], [ 91062.648460012394935, 103468.968753627559636 ], [ 91092.468748039842467, 103500.593777657850296 ], [ 91121.982846747720032, 103535.51976435634424 ], [ 91213.085964151410735, 103643.328113789582858 ], [ 91292.21876422544301, 103729.656241870412487 ], [ 91345.46874827548163, 103788.390641925405362 ], [ 91371.406220298857079, 103823.968753957713488 ], [ 91386.578124312844011, 103859.84376199147664 ], [ 91393.445324318876374, 103899.00779402864282 ], [ 91390.335948315885616, 103931.773426059429767 ], [ 91390.273420315730618, 103932.429682058776962 ], [ 91389.716333389587817, 103938.267238706539501 ], [ 91389.554700315507944, 103939.960946065635653 ], [ 91388.218764314544387, 103952.601586077304091 ], [ 91371.484364299787558, 104028.4609141494293 ], [ 91358.10158028564183, 104070.289074188520317 ], [ 91354.757836283592042, 104094.546866209362634 ], [ 91354.757836283592042, 104121.320306236229953 ], [ 91364.789068291967851, 104160.640626270804205 ], [ 91368.140620295511326, 104165.367218275438063 ], [ 91371.351564299475285, 104169.898418280296028 ], [ 91379.015628306660801, 104180.718770289851818 ], [ 91412.320332337258151, 104217.273458325231331 ], [ 91438.50449875506456, 104246.870452982533607 ], [ 91494.257804413529811, 104309.890610409944202 ], [ 91519.757836437347578, 104336.781234436348313 ], [ 91524.50317924565752, 104332.012135338300141 ], [ 91535.367180450892192, 104321.09374642187322 ], [ 91708.203148612257792, 104146.601586259537726 ], [ 91927.859404816466849, 103933.132786060450599 ] ] ] ] } },
{ "type": "Feature", "properties": { "OBJECTID": 430, "AREA": 493294.0, "PERIMETER": 3322.85, "BAR_": 431, "BAR_ID": 15, "NOMB_BARR": "CORABASTOS", "BAR_COD": "004547", "FORMA": 2000, "COD_ZONA": "S", "COD_LOC": "08", "ACTUALIZ": 0, "Shape_Leng": 3322.8358685799999, "Shape_Area": 493296.41281900002 }, "geometry": { "type": "MultiPolygon", "coordinates": [ [ [ [ 91371.351564299475285, 104169.898418280296028 ], [ 91368.140620295511326, 104165.367218275438063 ], [ 91364.789068291967851, 104160.640626270804205 ], [ 91354.757836283592042, 104121.320306236229953 ], [ 91354.757836283592042, 104094.546866209362634 ], [ 91358.10158028564183, 104070.289074188520317 ], [ 91371.484364299787558, 104028.4609141494293 ], [ 91388.218764314544387, 103952.601586077304091 ], [ 91389.554700315507944, 103939.960946065635653 ], [ 91389.716333389587817, 103938.267238706539501 ], [ 91390.273420315730618, 103932.429682058776962 ], [ 91390.335948315885616, 103931.773426059429767 ], [ 91393.445324318876374, 103899.00779402864282 ], [ 91386.578124312844011, 103859.84376199147664 ], [ 91371.406220298857079, 103823.968753957713488 ], [ 91345.46874827548163, 103788.390641925405362 ], [ 91292.21876422544301, 103729.656241870412487 ], [ 91213.085964151410735, 103643.328113789582858 ], [ 91121.982846747720032, 103535.51976435634424 ], [ 91092.468748039842467, 103500.593777657850296 ], [ 91062.648460012394935, 103468.968753627559636 ], [ 91059.397418189764721, 103469.221137861604802 ], [ 90950.742155906787957, 103477.656241635690094 ], [ 90925.421899884167942, 103479.632817637437256 ], [ 90925.22657188368612, 103479.648433638212737 ], [ 90765.960907735439832, 103494.992177651132806 ], [ 90734.156235704736901, 103498.046897654727218 ], [ 90613.820299593848176, 103703.218737845832948 ], [ 90573.937483557194355, 103732.101553872547811 ], [ 90557.093771541447495, 103743.640625884523615 ], [ 90431.406219423704897, 103888.671858019530191 ], [ 90568.726539551411406, 104001.156274123539333 ], [ 90768.632843736661016, 104173.367218282670365 ], [ 90672.390603647698299, 104195.898418303841026 ], [ 90673.82810764964961, 104204.421874312334694 ], [ 90685.460939661119482, 104238.609394344297471 ], [ 90689.007819662918337, 104248.070322353538359 ], [ 90690.773451665663742, 104252.890610358357662 ], [ 90699.726539674418746, 104277.210930379369529 ], [ 90699.906251674110536, 104277.703154381306376 ], [ 90772.984395741106709, 104259.773426365165506 ], [ 90778.976587747267331, 104283.726578386776964 ], [ 90901.789067861827789, 104253.781234359004884 ], [ 90877.828107838722644, 104157.929714270270779 ], [ 91201.726540139847202, 104091.382834207019187 ], [ 91222.429708161114831, 104196.257842305451049 ], [ 91229.382796165838954, 104195.968754305489711 ], [ 91249.953100185302901, 104291.289074392974726 ], [ 91368.416402150047361, 104172.833391649066471 ], [ 91371.351564299475285, 104169.898418280296028 ] ] ] ] } },
{ "type": "Feature", "properties": { "OBJECTID": 432, "AREA": 257506.0, "PERIMETER": 2169.1, "BAR_": 433, "BAR_ID": 52, "NOMB_BARR": "BRASIL", "BAR_COD": "105214", "FORMA": 98, "COD_ZONA": "S", "COD_LOC": "07", "ACTUALIZ": 0, "Shape_Leng": 2169.0996845, "Shape_Area": 275.80919412999998 }, "geometry": { "type": "MultiPolygon", "coordinates": [ [ [ [ 88780.726537886599544, 103918.328114045114489 ], [ 88778.469271153036971, 103917.336877775756875 ], [ 88777.77312085518497, 103919.008900106782676 ], [ 88736.033843550249003, 104013.733696526920539 ], [ 88777.218761882686522, 103925.812530054114177 ], [ 88780.429705886650481, 103918.953138047363609 ], [ 88780.726537886599544, 103918.328114045114489 ] ] ], [ [ [ 88666.523465780745028, 104180.718770289851818 ], [ 88662.649732140431297, 104177.906582238822011 ], [ 88638.065553896914935, 104232.673518970623263 ], [ 88636.56611335882917, 104235.927970480915974 ], [ 88666.523465780745028, 104180.718770289851818 ] ] ] ] } },
{ "type": "Feature", "properties": { "OBJECTID": 433, "AREA": 99978.5, "PERIMETER": 1436.72, "BAR_": 434, "BAR_ID": 16, "NOMB_BARR": "LLANO GRANDE", "BAR_COD": "004562", "FORMA": 98, "COD_ZONA": "S", "COD_LOC": "08", "ACTUALIZ": 0, "Shape_Leng": 1436.7066443900001, "Shape_Area": 99978.300149400005 }, "geometry": { "type": "MultiPolygon", "coordinates": [ [ [ [ 90672.390603647698299, 104195.898418303841026 ], [ 90768.632843736661016, 104173.367218282670365 ], [ 90568.726539551411406, 104001.156274123539333 ], [ 90431.406219423704897, 103888.671858019530191 ], [ 90388.945291384588927, 103853.890609986148775 ], [ 90369.867211365752155, 103835.273457968403818 ], [ 90356.703115352836903, 103844.976561978226528 ], [ 90351.531275349392672, 103842.14059397514211 ], [ 90340.460939337790478, 103847.367217980980058 ], [ 90339.460939336873707, 103847.906225981496391 ], [ 90340.421899339184165, 103849.29688198112126 ], [ 90342.382795340876328, 103852.140593984193401 ], [ 90256.499979260363034, 103911.67185804033943 ], [ 90239.914059245973476, 103922.406258049682947 ], [ 90225.273419232515153, 103931.523442057354259 ], [ 90209.328139216697309, 103942.578098068916006 ], [ 90201.851531209205859, 103948.75781007403566 ], [ 90191.249995199468685, 103957.632818083366146 ], [ 90218.937483224799507, 103980.00779410416726 ], [ 90310.750027310597943, 104055.226546172561939 ], [ 90311.593739311851095, 104060.726578178291675 ], [ 90351.812491348580807, 104095.640626211985364 ], [ 90407.960907402564771, 104141.929714253579732 ], [ 90416.25061171586276, 104153.980322245231946 ], [ 90416.312523409927962, 104154.070322266241419 ], [ 90416.889609506819397, 104154.542753872548928 ], [ 90510.398411495916662, 104231.093746338199708 ], [ 90513.007819499194738, 104233.750002339365892 ], [ 90671.187531646326534, 104196.179698304506019 ], [ 90672.390603647698299, 104195.898418303841026 ] ] ] ] } },
{ "type": "Feature", "properties": { "OBJECTID": 436, "AREA": 113669.0, "PERIMETER": 1717.77, "BAR_": 437, "BAR_ID": 29, "NOMB_BARR": "TINTALITO", "BAR_COD": "105272", "FORMA": 98, "COD_ZONA": "S", "COD_LOC": "08", "ACTUALIZ": 0, "Shape_Leng": 1717.75839142, "Shape_Area": 113670.14561399999 }, "geometry": { "type": "MultiPolygon", "coordinates": [ [ [ [ 89872.093770901527023, 103651.320305797533365 ], [ 89845.007818876882084, 103620.632817769495887 ], [ 89843.312522875799914, 103618.656241767734173 ], [ 89842.82029887608951, 103618.078129767105565 ], [ 89840.812490872776834, 103615.726577764464309 ], [ 89822.882826855930034, 103594.796849745602231 ], [ 89778.453130814334145, 103537.812529691858799 ], [ 89771.343754807749065, 103528.39844968271791 ], [ 89764.421898802334908, 103519.218737674877048 ], [ 89722.382339570569457, 103476.082568411628017 ], [ 89711.710922752827173, 103465.132785623573 ], [ 89673.552274630506872, 103538.70719690308033 ], [ 89668.950584485792206, 103547.579802718566498 ], [ 89414.671882476555766, 104037.859378157794708 ], [ 89406.05466646856803, 104054.476594173014746 ], [ 89458.585930518383975, 104088.179698204548913 ], [ 89468.328138526092516, 104068.687474185426254 ], [ 89558.914058611888322, 104124.140594237018377 ], [ 89560.36717861238867, 104125.031218237665598 ], [ 89563.750026614550734, 104119.773426234023646 ], [ 89667.054666711439495, 103944.593778070789995 ], [ 89768.757834806019673, 103756.52344189453288 ], [ 89818.046858853267622, 103665.382833810377633 ], [ 89824.414537023811135, 103653.609861721721245 ], [ 89831.125002863744157, 103641.203121788945282 ], [ 89865.710922896643751, 103667.726577813737094 ], [ 89872.093770901527023, 103651.320305797533365 ] ] ] ] } },
{ "type": "Feature", "properties": { "OBJECTID": 442, "AREA": 154036.0, "PERIMETER": 2014.77, "BAR_": 443, "BAR_ID": 3101, "NOMB_BARR": "CHUCUA DE LA VACA III", "BAR_COD": "105229", "FORMA": 2000, "COD_ZONA": "S", "COD_LOC": "08", "ACTUALIZ": 0, "Shape_Leng": 2014.7715967500001, "Shape_Area": 154035.445813 }, "geometry": { "type": "MultiPolygon", "coordinates": [ [ [ [ 90431.406219423704897, 103888.671858019530191 ], [ 90557.093771541447495, 103743.640625884523615 ], [ 90573.937483557194355, 103732.101553872547811 ], [ 90613.820299593848176, 103703.218737845832948 ], [ 90734.156235704736901, 103498.046897654727218 ], [ 90765.960907735439832, 103494.992177651132806 ], [ 90735.679691706900485, 103422.562481584202033 ], [ 90727.562507700116839, 103397.992177561129211 ], [ 90714.226571686071111, 103371.242161536531057 ], [ 90692.648459666437702, 103327.96094549621921 ], [ 90690.898443664467777, 103324.453105493026669 ], [ 90644.281227622093866, 103350.171889517383534 ], [ 90640.05466761867865, 103341.062513508979464 ], [ 90617.695307596441125, 103358.656241525764926 ], [ 90612.632843593251891, 103362.640625528612873 ], [ 90585.83591556706233, 103388.156273553220672 ], [ 90543.117195526603609, 103430.882801592946635 ], [ 90544.601547528654919, 103432.281265594079741 ], [ 90513.289035500594764, 103465.656241624819813 ], [ 90506.507787492562784, 103470.328113628565916 ], [ 90466.750027456218959, 103511.101553665881511 ], [ 90398.757835393960704, 103587.781233738496667 ], [ 90362.89844335874659, 103628.453105777036399 ], [ 90366.398411363377818, 103632.88280178020068 ], [ 90368.523467365506804, 103635.570289782917826 ], [ 90313.890635312898667, 103674.226545818877639 ], [ 90079.092561863435549, 103859.076233884508838 ], [ 90078.703115094584064, 103859.382833990384825 ], [ 90086.245495387120172, 103865.362695073112263 ], [ 90099.859403115449823, 103876.15627400597441 ], [ 90103.023435117807821, 103878.656242009703419 ], [ 90103.164043117401889, 103878.773426009240211 ], [ 90132.617163145463564, 103904.640626032458385 ], [ 90140.960907152038999, 103911.968754039582564 ], [ 90168.930151725537144, 103938.031325548567111 ], [ 90181.531275191096938, 103949.773426075727912 ], [ 90187.421899196269806, 103954.531250079671736 ], [ 90190.751908674283186, 103957.229262575187022 ], [ 90191.249995199468685, 103957.632818083366146 ], [ 90201.851531209205859, 103948.75781007403566 ], [ 90209.328139216697309, 103942.578098068916006 ], [ 90225.273419232515153, 103931.523442057354259 ], [ 90239.914059245973476, 103922.406258049682947 ], [ 90256.499979260363034, 103911.67185804033943 ], [ 90342.382795340876328, 103852.140593984193401 ], [ 90340.421899339184165, 103849.29688198112126 ], [ 90339.460939336873707, 103847.906225981496391 ], [ 90340.460939337790478, 103847.367217980980058 ], [ 90351.531275349392672, 103842.14059397514211 ], [ 90356.703115352836903, 103844.976561978226528 ], [ 90369.867211365752155, 103835.273457968403818 ], [ 90388.945291384588927, 103853.890609986148775 ], [ 90431.406219423704897, 103888.671858019530191 ] ] ] ] } },
{ "type": "Feature", "properties": { "OBJECTID": 443, "AREA": 274897.0, "PERIMETER": 2454.39, "BAR_": 444, "BAR_ID": 53, "NOMB_BARR": "BRASILIA", "BAR_COD": "105213", "FORMA": 98, "COD_ZONA": "S", "COD_LOC": "07", "ACTUALIZ": 0, "Shape_Leng": 2454.3886953199999, "Shape_Area": 1019.60463341 }, "geometry": { "type": "MultiPolygon", "coordinates": [ [ [ [ 88875.429705974849639, 103705.656241848686477 ], [ 88869.817265942518134, 103701.986754398516496 ], [ 88868.935010737506673, 103704.06333628106222 ], [ 88844.54495610370941, 103761.3367958785675 ], [ 88832.201511520397617, 103788.282123255601618 ], [ 88778.469271153036971, 103917.336877775756875 ], [ 88780.726537886599544, 103918.328114045114489 ], [ 88782.242185887269443, 103915.093746043334249 ], [ 88781.218761886309949, 103914.593778043636121 ], [ 88874.015625972941052, 103708.796849851001753 ], [ 88875.429705974849639, 103705.656241848686477 ] ] ] ] } },
{ "type": "Feature", "properties": { "OBJECTID": 444, "AREA": 448049.0, "PERIMETER": 3388.97, "BAR_": 445, "BAR_ID": 336, "NOMB_BARR": "MANDALAY", "BAR_COD": "004531", "FORMA": 93, "COD_ZONA": "C", "COD_LOC": "08", "ACTUALIZ": 2000, "Shape_Leng": 3388.9781092600001, "Shape_Area": 448048.22446900001 }, "geometry": { "type": "MultiPolygon", "coordinates": [ [ [ [ 93314.109390108438674, 103790.703153927228414 ], [ 93313.929863692217623, 103788.861283378093503 ], [ 93292.382798088423442, 103567.796849718943122 ], [ 93289.976590086400392, 103543.07812969700899 ], [ 93095.945293905562721, 103564.882801716448739 ], [ 93069.765645881605451, 103549.007793703000061 ], [ 92984.39060580007208, 103496.742193653088179 ], [ 92921.664077742243535, 103458.406257618640666 ], [ 92759.62497359108238, 103393.93752155812399 ], [ 92562.734349408608978, 103310.296881479996955 ], [ 92498.431862757948693, 103238.288291029035463 ], [ 92496.304717346385587, 103235.906225409853505 ], [ 92481.210957333329134, 103300.476593470637454 ], [ 92479.666273785202065, 103310.777535820030607 ], [ 92479.580868830569671, 103311.347070932373754 ], [ 92477.367181327848812, 103326.109361495502526 ], [ 92479.744499950960744, 103373.159602799947606 ], [ 92479.76564533211058, 103373.578097538411384 ], [ 92399.509632516215788, 103455.139804170801654 ], [ 92354.429709214469767, 103500.953137657954358 ], [ 92307.210957171409973, 103549.406257703216397 ], [ 92239.437517107449821, 103619.242161767644575 ], [ 92202.189085698293638, 103658.572576214530272 ], [ 92172.983347504297853, 103689.410755001052166 ], [ 92172.765645045379642, 103689.640625833446393 ], [ 92159.968781033356208, 103701.273457844916265 ], [ 92146.546893021324649, 103714.242161855843733 ], [ 91958.782988417660818, 103903.509787128830794 ], [ 91955.343756842048606, 103906.976562036550604 ], [ 91975.46685912819521, 103902.443398223491386 ], [ 92019.398412901573465, 103892.546866022108588 ], [ 92079.789068959042197, 103889.976562018942786 ], [ 92105.374988981580827, 103889.210930019340594 ], [ 92134.254100130739971, 103888.27331644698279 ], [ 92212.695309082148015, 103885.726578015484847 ], [ 92339.23438120042556, 103881.140594010445056 ], [ 92355.569926293872413, 103880.021542468457483 ], [ 92465.937485318354447, 103872.460914003808284 ], [ 92500.000013349272194, 103869.906226001417963 ], [ 93313.767306955502136, 103790.736434512407868 ], [ 93314.109390108438674, 103790.703153927228414 ] ] ] ] } },
{ "type": "Feature", "properties": { "OBJECTID": 448, "AREA": 269913.0, "PERIMETER": 2326.37, "BAR_": 449, "BAR_ID": 3050, "NOMB_BARR": "CHUCUA DE LA VACA II", "BAR_COD": "105228", "FORMA": 2000, "COD_ZONA": "S", "COD_LOC": "08", "ACTUALIZ": 0, "Shape_Leng": 2326.3803440299998, "Shape_Area": 269913.58422000002 }, "geometry": { "type": "MultiPolygon", "coordinates": [ [ [ [ 90690.898443664467777, 103324.453105493026669 ], [ 90669.656267644895706, 103281.851569454331184 ], [ 90649.22657162725227, 103260.343729432628606 ], [ 90642.992203620524378, 103255.093745428253897 ], [ 90604.249995584352291, 103206.929713382953196 ], [ 90587.226571568913641, 103192.812529370741686 ], [ 90587.585931569017703, 103170.359345349730575 ], [ 90583.601547566184308, 103163.843761343829101 ], [ 90543.40621952728543, 103134.14059331662429 ], [ 90519.953099506878061, 103109.828145294173737 ], [ 90513.710923500868375, 103103.359345286866301 ], [ 90483.851531473308569, 103090.093745274483808 ], [ 90400.445323393534636, 103049.773425236766343 ], [ 90397.468747390870703, 103048.171889235178242 ], [ 90389.710923384205671, 103043.992177231863025 ], [ 90349.531275347588235, 103113.101553296786733 ], [ 90297.382795297933626, 103189.320305368310073 ], [ 90203.109387210744899, 103311.671857481793268 ], [ 90140.929675152714481, 103385.882801550003933 ], [ 90000.531275022847694, 103560.382833713127184 ], [ 89901.085962928496883, 103684.226545827928931 ], [ 89902.804682931833668, 103686.312497829945642 ], [ 89903.585930932225892, 103687.257841831466067 ], [ 89914.437514941091649, 103700.398449842818081 ], [ 90040.167789892395376, 103824.978275459012366 ], [ 90059.585931077846908, 103844.218737977891578 ], [ 90078.703115094584064, 103859.382833990384825 ], [ 90079.092561863435549, 103859.076233884508838 ], [ 90313.890635312898667, 103674.226545818877639 ], [ 90368.523467365506804, 103635.570289782917826 ], [ 90366.398411363377818, 103632.88280178020068 ], [ 90362.89844335874659, 103628.453105777036399 ], [ 90398.757835393960704, 103587.781233738496667 ], [ 90466.750027456218959, 103511.101553665881511 ], [ 90506.507787492562784, 103470.328113628565916 ], [ 90513.289035500594764, 103465.656241624819813 ], [ 90544.601547528654919, 103432.281265594079741 ], [ 90543.117195526603609, 103430.882801592946635 ], [ 90585.83591556706233, 103388.156273553220672 ], [ 90612.632843593251891, 103362.640625528612873 ], [ 90617.695307596441125, 103358.656241525764926 ], [ 90640.05466761867865, 103341.062513508979464 ], [ 90644.281227622093866, 103350.171889517383534 ], [ 90690.898443664467777, 103324.453105493026669 ] ] ] ] } },
{ "type": "Feature", "properties": { "OBJECTID": 449, "AREA": 680856.0, "PERIMETER": 3635.4, "BAR_": 450, "BAR_ID": 338, "NOMB_BARR": "HIPOTECHO", "BAR_COD": "004501", "FORMA": 92, "COD_ZONA": "C", "COD_LOC": "08", "ACTUALIZ": 2000, "Shape_Leng": 3635.4019064899999, "Shape_Area": 680855.93145200005 }, "geometry": { "type": "MultiPolygon", "coordinates": [ [ [ [ 94607.67188731180795, 103661.203121807047864 ], [ 94605.460943310972652, 103643.523441790050128 ], [ 94603.085967308274121, 103534.273457689327188 ], [ 94584.085967291073757, 103345.45310551203147 ], [ 94557.960911267233314, 103148.328113328258041 ], [ 94477.210959190837457, 103153.078129332949175 ], [ 94378.648463100063964, 103162.578097343008267 ], [ 94224.273422956073773, 103178.023409356901539 ], [ 94210.531278944035876, 103179.351537358597852 ], [ 94090.085966830665711, 103191.078129369561793 ], [ 94000.000014746794477, 103199.273457377261366 ], [ 93998.648462745040888, 103199.390641376812709 ], [ 93263.750030060851714, 103274.007793445227435 ], [ 93289.976590086400392, 103543.07812969700899 ], [ 93292.382798088423442, 103567.796849718943122 ], [ 93313.929863692217623, 103788.861283378093503 ], [ 93314.109390108438674, 103790.703153927228414 ], [ 94000.000014746794477, 103723.953137864213204 ], [ 94361.617167083837558, 103693.101553837244865 ], [ 94478.42324620479485, 103677.958862113606301 ], [ 94607.67188731180795, 103661.203121807047864 ] ] ] ] } },
{ "type": "Feature", "properties": { "OBJECTID": 454, "AREA": 140578.0, "PERIMETER": 1918.28, "BAR_": 455, "BAR_ID": 824, "NOMB_BARR": "BETANIA", "BAR_COD": "105224", "FORMA": 98, "COD_ZONA": "S", "COD_LOC": "07", "ACTUALIZ": 0, "Shape_Leng": 1918.2684467199999, "Shape_Area": 4853.8686019400002 }, "geometry": { "type": "MultiPolygon", "coordinates": [ [ [ [ 88954.898442048943252, 103302.460913472401444 ], [ 88950.083827908892999, 103299.359743135195458 ], [ 88937.119452311395435, 103398.305555023413035 ], [ 88925.9015816624742, 103491.461753697076347 ], [ 88924.776687151403166, 103507.172536813202896 ], [ 88897.285456621437334, 103593.008458320007776 ], [ 88881.575147642142838, 103665.961728766313172 ], [ 88870.349043519250699, 103700.735098784469301 ], [ 88869.817265942518134, 103701.986754398516496 ], [ 88875.429705974849639, 103705.656241848686477 ], [ 88877.054665976495016, 103702.046897843800252 ], [ 88877.27341797700501, 103701.570289844865329 ], [ 88929.078154025104595, 103569.640625720392563 ], [ 88954.898442048943252, 103302.460913472401444 ] ] ] ] } },
{ "type": "Feature", "properties": { "OBJECTID": 455, "AREA": 168198.0, "PERIMETER": 1694.89, "BAR_": 456, "BAR_ID": 340, "NOMB_BARR": "TECHO", "BAR_COD": "004548", "FORMA": 95, "COD_ZONA": "S", "COD_LOC": "08", "ACTUALIZ": 0, "Shape_Leng": 1694.88580686, "Shape_Area": 168198.45755399999 }, "geometry": { "type": "MultiPolygon", "coordinates": [ [ [ [ 92496.304717346385587, 103235.906225409853505 ], [ 92357.960909218440065, 103080.960945266022463 ], [ 92348.656269208848244, 103089.117169273624313 ], [ 92232.34375710162567, 103195.523441373501555 ], [ 92204.062477073384798, 103222.476593397834222 ], [ 92183.499981055429089, 103242.093745416481397 ], [ 92066.125004946428817, 103350.101553517946741 ], [ 91940.679692828533007, 103464.976561623203452 ], [ 91974.015628860681318, 103501.632817657358828 ], [ 92065.95310094600427, 103599.507825749460608 ], [ 92159.968781033356208, 103701.273457844916265 ], [ 92172.765645045379642, 103689.640625833446393 ], [ 92172.983347504297853, 103689.410755001052166 ], [ 92202.189085698293638, 103658.572576214530272 ], [ 92239.437517107449821, 103619.242161767644575 ], [ 92307.210957171409973, 103549.406257703216397 ], [ 92354.429709214469767, 103500.953137657954358 ], [ 92399.509632516215788, 103455.139804170801654 ], [ 92479.76564533211058, 103373.578097538411384 ], [ 92479.744499950960744, 103373.159602799947606 ], [ 92477.367181327848812, 103326.109361495502526 ], [ 92479.580868830569671, 103311.347070932373754 ], [ 92479.666273785202065, 103310.777535820030607 ], [ 92481.210957333329134, 103300.476593470637454 ], [ 92496.304717346385587, 103235.906225409853505 ] ] ] ] } },
{ "type": "Feature", "properties": { "OBJECTID": 456, "AREA": 261345.0, "PERIMETER": 2754.38, "BAR_": 457, "BAR_ID": 17, "NOMB_BARR": "CHUCUA DE LA VACA I", "BAR_COD": "105226", "FORMA": 2000, "COD_ZONA": "S", "COD_LOC": "08", "ACTUALIZ": 0, "Shape_Leng": 2754.3834105599999, "Shape_Area": 261344.88997300001 }, "geometry": { "type": "MultiPolygon", "coordinates": [ [ [ [ 90389.710923384205671, 103043.992177231863025 ], [ 90292.492171293677529, 102991.640625183965312 ], [ 90192.687499201419996, 102926.343729121465003 ], [ 90207.374987214978319, 102904.039089102327125 ], [ 90201.64065120946907, 102900.171889099015971 ], [ 90213.257803220883943, 102878.312497076476575 ], [ 90132.242187144584022, 102827.750001031366992 ], [ 90128.796875141531928, 102834.062513036798919 ], [ 90127.119581029211986, 102832.959654837788548 ], [ 90104.02343511871004, 102817.773425020146533 ], [ 90085.421899101740564, 102806.296881010537618 ], [ 90074.570315090648364, 102799.609393004211597 ], [ 90056.640651073801564, 102788.546864994103089 ], [ 90027.648459046817152, 102777.492208984767785 ], [ 90004.546891025020159, 102767.773424974890077 ], [ 90003.312523025044356, 102767.242160974361468 ], [ 89989.835915012125042, 102799.28907300492574 ], [ 89974.664074997417629, 102793.031280998140574 ], [ 89970.343754994508345, 102810.999985015834682 ], [ 89971.484362995004631, 102831.390641034871805 ], [ 89937.648458963158191, 102913.851569110178389 ], [ 89915.87501894304296, 102952.312497145670932 ], [ 89904.34375493254629, 102971.38283316451998 ], [ 89881.765642912010662, 103024.703153213995392 ], [ 89872.984394904386136, 103052.289073240564903 ], [ 89866.71092289754597, 103070.476593255822081 ], [ 89859.726538891991368, 103096.02340928047488 ], [ 89810.070282843851601, 103216.882801392610418 ], [ 89804.953098839789163, 103229.226545405035722 ], [ 89799.156234834110364, 103238.343729412707034 ], [ 89793.351562829149771, 103249.937521423358703 ], [ 89787.43751482393418, 103264.773425438004779 ], [ 89789.054666826297762, 103265.281265438490664 ], [ 89813.283720560299116, 103274.13858891154814 ], [ 89840.921866873046383, 103284.242161455578753 ], [ 89890.304714919053367, 103312.093745482052327 ], [ 89875.031242906305124, 103340.601585507887648 ], [ 89937.359370963196852, 103376.218737541013979 ], [ 89922.750026950554457, 103403.570289566283464 ], [ 89986.273419009550707, 103437.007793597193086 ], [ 89971.078154994786019, 103465.390641624195268 ], [ 89940.570314967160812, 103522.546865678377799 ], [ 89876.070282905799104, 103487.17969764508598 ], [ 89861.499978891777573, 103514.640625670610461 ], [ 89798.609354835032718, 103479.929713638906833 ], [ 89771.343754807749065, 103528.39844968271791 ], [ 89778.453130814334145, 103537.812529691858799 ], [ 89822.882826855930034, 103594.796849745602231 ], [ 89840.812490872776834, 103615.726577764464309 ], [ 89842.82029887608951, 103618.078129767105565 ], [ 89843.312522875799914, 103618.656241767734173 ], [ 89845.007818876882084, 103620.632817769495887 ], [ 89872.093770901527023, 103651.320305797533365 ], [ 89900.328138928161934, 103683.312497827224433 ], [ 89901.085962928496883, 103684.226545827928931 ], [ 90000.531275022847694, 103560.382833713127184 ], [ 90140.929675152714481, 103385.882801550003933 ], [ 90203.109387210744899, 103311.671857481793268 ], [ 90297.382795297933626, 103189.320305368310073 ], [ 90349.531275347588235, 103113.101553296786733 ], [ 90389.710923384205671, 103043.992177231863025 ] ] ] ] } },
{ "type": "Feature", "properties": { "OBJECTID": 457, "AREA": 539223.0, "PERIMETER": 3958.62, "BAR_": 458, "BAR_ID": 341, "NOMB_BARR": "HIPOTECHO SUR", "BAR_COD": "004551", "FORMA": 96, "COD_ZONA": "C", "COD_LOC": "08", "ACTUALIZ": 0, "Shape_Leng": 3958.62200708, "Shape_Area": 532908.932501 }, "geometry": { "type": "MultiPolygon", "coordinates": [ [ [ [ 95014.619311363101588, 103619.191465856434661 ], [ 94876.494086860111565, 103281.84316686715465 ], [ 94845.946621228766162, 103209.76555129227927 ], [ 94832.485288524025236, 103178.781405436544446 ], [ 94825.696234369708691, 103163.156525460770354 ], [ 94786.859528670378495, 103063.797709881560877 ], [ 94778.00759144636686, 103032.735395078372676 ], [ 94661.934448118510772, 102655.510725454645581 ], [ 94590.539431310302461, 102423.484626061239396 ], [ 94549.679695258586435, 102418.906224650476361 ], [ 94250.06247898057336, 102411.109360642978572 ], [ 94223.367182954651071, 102403.632816634766641 ], [ 94222.109390954632545, 102403.578096636105329 ], [ 94258.99220698857971, 102776.406256983653293 ], [ 94266.273422994083376, 102848.453105048916768 ], [ 94178.054670911704306, 102857.343729059022735 ], [ 94180.484366915276041, 102885.671857085137162 ], [ 94087.757838828081731, 102898.140593096381053 ], [ 94095.992206836614059, 102979.429681171866832 ], [ 94104.007822844621842, 103043.24216123080987 ], [ 94195.125006928748917, 103034.523441223340342 ], [ 94210.531278944035876, 103179.351537358597852 ], [ 94224.273422956073773, 103178.023409356901539 ], [ 94378.648463100063964, 103162.578097343008267 ], [ 94477.210959190837457, 103153.078129332949175 ], [ 94557.960911267233314, 103148.328113328258041 ], [ 94584.085967291073757, 103345.45310551203147 ], [ 94603.085967308274121, 103534.273457689327188 ], [ 94605.460943310972652, 103643.523441790050128 ], [ 94607.67188731180795, 103661.203121807047864 ], [ 94762.835919458389981, 103641.093745788690285 ], [ 95014.619311363101588, 103619.191465856434661 ] ] ] ] } },
{ "type": "Feature", "properties": { "OBJECTID": 461, "AREA": 594756.0, "PERIMETER": 3208.24, "BAR_": 462, "BAR_ID": 344, "NOMB_BARR": "CIUDAD KENNEDY", "BAR_COD": "004509", "FORMA": 97, "COD_ZONA": "S", "COD_LOC": "08", "ACTUALIZ": 0, "Shape_Leng": 3208.2428083099999, "Shape_Area": 594756.97907300002 }, "geometry": { "type": "MultiPolygon", "coordinates": [ [ [ [ 93289.976590086400392, 103543.07812969700899 ], [ 93263.750030060851714, 103274.007793445227435 ], [ 93263.421902060072171, 103270.648433442402165 ], [ 93249.203150046872906, 103124.773425306862919 ], [ 93162.304717966908356, 102578.539056798108504 ], [ 93132.218765939542209, 102490.156272716078092 ], [ 93074.125396866424126, 102494.025242754505598 ], [ 93070.398413881630404, 102494.273456719238311 ], [ 93057.040271131467307, 102498.526339589210693 ], [ 93014.867213828372769, 102511.953136736236047 ], [ 92986.757837802782888, 102516.257840740596293 ], [ 92951.335470557169174, 102521.031768884000485 ], [ 92858.242189682729077, 102533.578096755984006 ], [ 92858.260394553959486, 102533.796236674068496 ], [ 92860.023437686235411, 102554.921904775837902 ], [ 92860.367181685578544, 102555.953136778291082 ], [ 92860.411718555013067, 102556.092444287089165 ], [ 92860.671885686315363, 102556.90622477758734 ], [ 92861.117197686631698, 102558.343728779524099 ], [ 92861.531277687623515, 102559.78123278147541 ], [ 92861.789069686754374, 102560.750000780841219 ], [ 92862.039053686603438, 102561.71876878241892 ], [ 92862.398413686722051, 102563.171888785145711 ], [ 92862.617165687232045, 102564.148464786005206 ], [ 92862.92967768725066, 102565.617200787266484 ], [ 92863.218765687211999, 102567.093744787824107 ], [ 92863.484365687836544, 102568.562480789114488 ], [ 92863.71873368913657, 102570.046896790445317 ], [ 92863.859405687995604, 102571.039088792065741 ], [ 92864.054669689183356, 102572.523440791905159 ], [ 92864.164045689452905, 102573.523440792807378 ], [ 92864.312525689820177, 102575.007792794858688 ], [ 92864.398413688526489, 102576.007792795760906 ], [ 92864.507789688781486, 102577.500016796373529 ], [ 92864.562509689669241, 102578.500016797275748 ], [ 92864.60935768976924, 102579.500016798177967 ], [ 92864.64065369059972, 102580.500016801306629 ], [ 92864.664077690656995, 102581.500016802223399 ], [ 92864.671885689924238, 102582.500016803125618 ], [ 92864.664077690656995, 102583.999984803725965 ], [ 92864.648461689881515, 102584.999984804628184 ], [ 92864.617165689051035, 102585.999984805530403 ], [ 92864.578125690444722, 102586.999984806432622 ], [ 92864.492173690232448, 102588.492208807059797 ], [ 92864.421901690075174, 102589.492208807962015 ], [ 92864.28903768825694, 102590.976560810013325 ], [ 92864.195341688056942, 102591.976560810915544 ], [ 92864.078093689240632, 102592.976560811817762 ], [ 92863.890637689546566, 102594.460912813869072 ], [ 92863.750029687740607, 102595.453104813277605 ], [ 92863.523405688654748, 102596.937520814622985 ], [ 92863.265613687311998, 102598.406256815884262 ], [ 92863.078093688338413, 102599.398448817519238 ], [ 92862.875021687868866, 102600.382832817645976 ], [ 92862.562509687864804, 102601.843760819654563 ], [ 92862.218765686295228, 102603.296880822381354 ], [ 92861.976589687954402, 102604.273456823226297 ], [ 92861.718733687317581, 102605.242160823312588 ], [ 92861.320333686380764, 102606.687472824531142 ], [ 92860.890637686839909, 102608.117168824988767 ], [ 92860.593741685384884, 102609.078128827284672 ], [ 92860.289037684648065, 102610.031280828086892 ], [ 92859.804685685725417, 102611.453104829983204 ], [ 92859.289037683745846, 102612.859376830383553 ], [ 92858.937485685120919, 102613.796848831130774 ], [ 92858.39060568381683, 102615.187504832982086 ], [ 92858.007821683655493, 102616.117168834447511 ], [ 92857.421901683745091, 102617.492208835523343 ], [ 92857.007821682753274, 102618.406256836213288 ], [ 92856.382797682730597, 102619.773424836515915 ], [ 92855.726541681156959, 102621.117168838973157 ], [ 92855.054669681048836, 102622.453104839936714 ], [ 92854.585933680675225, 102623.343728840583935 ], [ 92853.875021679719794, 102624.656240841490217 ], [ 92853.382797680023941, 102625.531248841361958 ], [ 92852.88282967809937, 102626.398448841951904 ], [ 92852.117197678482626, 102627.687472843535943 ], [ 92851.585933677954017, 102628.539056845576852 ], [ 92850.781261677519069, 102629.796848845609929 ], [ 92850.23438167621498, 102630.640624846157152 ], [ 92850.049173774401424, 102630.913281109416857 ], [ 92849.390605675667757, 102631.88280084762664 ], [ 92848.531277673639124, 102633.1093608483352 ], [ 92847.64846167450014, 102634.32030485048017 ], [ 92846.742157673797919, 102635.523440851131454 ], [ 92845.812493672332494, 102636.703152851740015 ], [ 92844.867213670077035, 102637.859376853011781 ], [ 92500.000013349272194, 102952.968753147230018 ], [ 92464.568005440858542, 102986.572919749421999 ], [ 92462.047773741927813, 102988.963139521685662 ], [ 92451.539085304742912, 102998.929713190256734 ], [ 92360.640653221154935, 103078.609393263381207 ], [ 92357.960909218440065, 103080.960945266022463 ], [ 92496.304717346385587, 103235.906225409853505 ], [ 92498.431862757948693, 103238.288291029035463 ], [ 92562.734349408608978, 103310.296881479996955 ], [ 92759.62497359108238, 103393.93752155812399 ], [ 92921.664077742243535, 103458.406257618640666 ], [ 92984.39060580007208, 103496.742193653088179 ], [ 93069.765645881605451, 103549.007793703000061 ], [ 93095.945293905562721, 103564.882801716448739 ], [ 93289.976590086400392, 103543.07812969700899 ] ] ] ] } },
{ "type": "Feature", "properties": { "OBJECTID": 462, "AREA": 405084.0, "PERIMETER": 3060.73, "BAR_": 463, "BAR_ID": 28, "NOMB_BARR": "GRAN BRITALIA I", "BAR_COD": "004556", "FORMA": 97, "COD_ZONA": "S", "COD_LOC": "08", "ACTUALIZ": 0, "Shape_Leng": 3060.7298680899999, "Shape_Area": 405083.10080299998 }, "geometry": { "type": "MultiPolygon", "coordinates": [ [ [ [ 89974.664074997417629, 102793.031280998140574 ], [ 89974.414090997568564, 102792.97656099726737 ], [ 89955.0937709788559, 102788.687472993682604 ], [ 89861.585930891989847, 102758.882800967010553 ], [ 89843.382794875957188, 102753.710960961354431 ], [ 89814.867210850134143, 102785.953136990880012 ], [ 89633.187530680268537, 102660.789040874384227 ], [ 89602.210954652255168, 102648.359344863973092 ], [ 89599.023434648348484, 102648.359344863973092 ], [ 89367.140618431265466, 102981.023409174173139 ], [ 89370.484362435541698, 102983.140593175514368 ], [ 89223.867210299722501, 103193.89841737257666 ], [ 89167.054666245603585, 103275.562481446715537 ], [ 89248.632842321050703, 103345.093745511927409 ], [ 89309.117194378719432, 103391.546865555370459 ], [ 89350.593738417694112, 103406.906225569051458 ], [ 89365.195338430334232, 103409.828145572348149 ], [ 89397.453130460649845, 103403.460913566028466 ], [ 89403.320330465765437, 103396.429681560359313 ], [ 89406.109386469455785, 103395.726577558685676 ], [ 89409.953098471203703, 103396.078129559522495 ], [ 89421.093770482257241, 103398.796849561564159 ], [ 89421.726538482267642, 103398.679665562027367 ], [ 89481.33594653934415, 103387.359345552773448 ], [ 89506.992202563546016, 103387.359345552773448 ], [ 89542.460938595584594, 103400.187505563400919 ], [ 89635.265610681512044, 103438.671857598936185 ], [ 89692.617162736147293, 103465.078129624191206 ], [ 89711.710922752827173, 103465.132785623573 ], [ 89722.382339570569457, 103476.082568411628017 ], [ 89764.421898802334908, 103519.218737674877048 ], [ 89771.343754807749065, 103528.39844968271791 ], [ 89798.609354835032718, 103479.929713638906833 ], [ 89861.499978891777573, 103514.640625670610461 ], [ 89876.070282905799104, 103487.17969764508598 ], [ 89940.570314967160812, 103522.546865678377799 ], [ 89971.078154994786019, 103465.390641624195268 ], [ 89986.273419009550707, 103437.007793597193086 ], [ 89922.750026950554457, 103403.570289566283464 ], [ 89937.359370963196852, 103376.218737541013979 ], [ 89875.031242906305124, 103340.601585507887648 ], [ 89890.304714919053367, 103312.093745482052327 ], [ 89840.921866873046383, 103284.242161455578753 ], [ 89813.283720560299116, 103274.13858891154814 ], [ 89789.054666826297762, 103265.281265438490664 ], [ 89787.43751482393418, 103264.773425438004779 ], [ 89793.351562829149771, 103249.937521423358703 ], [ 89799.156234834110364, 103238.343729412707034 ], [ 89804.953098839789163, 103229.226545405035722 ], [ 89810.070282843851601, 103216.882801392610418 ], [ 89859.726538891991368, 103096.02340928047488 ], [ 89866.71092289754597, 103070.476593255822081 ], [ 89872.984394904386136, 103052.289073240564903 ], [ 89881.765642912010662, 103024.703153213995392 ], [ 89904.34375493254629, 102971.38283316451998 ], [ 89915.87501894304296, 102952.312497145670932 ], [ 89937.648458963158191, 102913.851569110178389 ], [ 89971.484362995004631, 102831.390641034871805 ], [ 89970.343754994508345, 102810.999985015834682 ], [ 89974.664074997417629, 102793.031280998140574 ] ] ] ] } },
{ "type": "Feature", "properties": { "OBJECTID": 466, "AREA": 178224.0, "PERIMETER": 2553.69, "BAR_": 467, "BAR_ID": 15, "NOMB_BARR": "VILLA NELLY III SECTOR", "BAR_COD": "004578", "FORMA": 2000, "COD_ZONA": "S", "COD_LOC": "08", "ACTUALIZ": 0, "Shape_Leng": 2553.6916507000001, "Shape_Area": 178224.39827199999 }, "geometry": { "type": "MultiPolygon", "coordinates": [ [ [ [ 91062.648460012394935, 103468.968753627559636 ], [ 91020.733672642338206, 103424.518907820820459 ], [ 91000.000011953990906, 103402.531249566774932 ], [ 90976.757835930387955, 103377.617201542132534 ], [ 90642.093771620595362, 103011.976561202129233 ], [ 90621.898443599799066, 102989.13278518167499 ], [ 90601.47755976919143, 102973.244347863350413 ], [ 90593.210955573566025, 102966.812529159535188 ], [ 90451.724846162906033, 102883.734938745619729 ], [ 90353.682917696060031, 102826.166833930692519 ], [ 90303.664075304055586, 102796.796849001184455 ], [ 90247.915492721644114, 102773.057957479031757 ], [ 90200.912944327821606, 102753.04330695727549 ], [ 90178.281227187035256, 102743.40625695156632 ], [ 90178.109481981708086, 102743.720895000893506 ], [ 90150.956925301390584, 102793.464510191421141 ], [ 90132.242187144584022, 102827.750001031366992 ], [ 90213.257803220883943, 102878.312497076476575 ], [ 90201.64065120946907, 102900.171889099015971 ], [ 90207.374987214978319, 102904.039089102327125 ], [ 90192.687499201419996, 102926.343729121465003 ], [ 90292.492171293677529, 102991.640625183965312 ], [ 90389.710923384205671, 103043.992177231863025 ], [ 90397.468747390870703, 103048.171889235178242 ], [ 90400.445323393534636, 103049.773425236766343 ], [ 90483.851531473308569, 103090.093745274483808 ], [ 90513.710923500868375, 103103.359345286866301 ], [ 90519.953099506878061, 103109.828145294173737 ], [ 90543.40621952728543, 103134.14059331662429 ], [ 90583.601547566184308, 103163.843761343829101 ], [ 90587.585931569017703, 103170.359345349730575 ], [ 90587.226571568913641, 103192.812529370741686 ], [ 90604.249995584352291, 103206.929713382953196 ], [ 90642.992203620524378, 103255.093745428253897 ], [ 90649.22657162725227, 103260.343729432628606 ], [ 90669.656267644895706, 103281.851569454331184 ], [ 90690.898443664467777, 103324.453105493026669 ], [ 90692.648459666437702, 103327.96094549621921 ], [ 90714.226571686071111, 103371.242161536531057 ], [ 90727.562507700116839, 103397.992177561129211 ], [ 90735.679691706900485, 103422.562481584202033 ], [ 90765.960907735439832, 103494.992177651132806 ], [ 90925.22657188368612, 103479.648433638212737 ], [ 90925.421899884167942, 103479.632817637437256 ], [ 90950.742155906787957, 103477.656241635690094 ], [ 91059.397418189764721, 103469.221137861604802 ], [ 91062.648460012394935, 103468.968753627559636 ] ] ] ] } },
{ "type": "Feature", "properties": { "OBJECTID": 467, "AREA": 476763.0, "PERIMETER": 3374.07, "BAR_": 468, "BAR_ID": 350, "NOMB_BARR": "CIUDAD KENNEDY CENTRAL", "BAR_COD": "004511", "FORMA": 95, "COD_ZONA": "S", "COD_LOC": "08", "ACTUALIZ": 0, "Shape_Leng": 3374.0748328700001, "Shape_Area": 476762.68856400001 }, "geometry": { "type": "MultiPolygon", "coordinates": [ [ [ [ 92204.062477073384798, 103222.476593397834222 ], [ 92138.414093013765523, 103151.84376133295882 ], [ 91996.632780882049701, 103000.328113192110322 ], [ 91890.328140782454284, 102882.390641081030481 ], [ 91749.296844651791616, 102728.078128937195288 ], [ 91706.617164612165652, 102682.820336895121727 ], [ 91644.132812552677933, 102611.640624828956788 ], [ 91623.132812533673132, 102587.703152807400329 ], [ 91612.687500524305506, 102572.210928791886545 ], [ 91605.937484517824487, 102554.203120776321157 ], [ 91606.937484518726706, 102534.398448756473954 ], [ 91614.3593725253304, 102501.523440727643901 ], [ 91648.109388556258637, 102309.570288547314703 ], [ 91641.414092550650821, 102308.726576546061551 ], [ 91590.22657250330667, 102296.671856536529958 ], [ 91451.13281237357296, 102273.656240514945239 ], [ 91352.101580280199414, 102256.132784498302499 ], [ 91290.015628223889507, 102244.640624487932655 ], [ 91283.343756216112524, 102288.523440528209903 ], [ 91275.203148209286155, 102341.039088577250368 ], [ 91256.24999619218579, 102443.593776672365493 ], [ 91245.570316181518137, 102501.531248726925696 ], [ 91225.156236162423738, 102607.507824825021089 ], [ 91219.664076157481759, 102639.773424854603945 ], [ 91219.82810815711855, 102664.937520878374926 ], [ 91224.62497216189513, 102680.226544892619131 ], [ 91238.421900174100301, 102699.960944912323612 ], [ 91263.187468198360875, 102726.476592935621738 ], [ 91303.20314823462104, 102770.773424977611285 ], [ 91443.554700366599718, 102922.421873118786607 ], [ 91455.249996376733179, 102935.242161130852764 ], [ 91515.476556433044607, 103001.242161192800268 ], [ 91621.53127653208503, 103114.296881298170774 ], [ 91750.023436650575604, 103256.460913430768414 ], [ 91882.750028775481042, 103401.312497565348167 ], [ 91940.679692828533007, 103464.976561623203452 ], [ 92066.125004946428817, 103350.101553517946741 ], [ 92183.499981055429089, 103242.093745416481397 ], [ 92204.062477073384798, 103222.476593397834222 ] ] ] ] } },
{ "type": "Feature", "properties": { "OBJECTID": 470, "AREA": 204601.0, "PERIMETER": 2356.94, "BAR_": 471, "BAR_ID": 54, "NOMB_BARR": "CHICALA", "BAR_COD": "105227", "FORMA": 2000, "COD_ZONA": "S", "COD_LOC": "07", "ACTUALIZ": 0, "Shape_Leng": 2356.9422429900001, "Shape_Area": 66.374175525499993 }, "geometry": { "type": "MultiPolygon", "coordinates": [ [ [ [ 88879.838215537791257, 102987.501416715458618 ], [ 88880.904807081227773, 102989.50236461541499 ], [ 88885.303194694744889, 102993.713250755419722 ], [ 88903.154795066919178, 103004.767853396842838 ], [ 88921.272128666212666, 103015.697330890718149 ], [ 88936.974358731866232, 103026.46082727627072 ], [ 88937.226570031212759, 103026.226545214653015 ], [ 88879.838215537791257, 102987.501416715458618 ] ] ] ] } },
{ "type": "Feature", "properties": { "OBJECTID": 474, "AREA": 386905.0, "PERIMETER": 2902.49, "BAR_": 475, "BAR_ID": 19, "NOMB_BARR": "CIUDAD KENNEDY OCCIDENTAL", "BAR_COD": "004508", "FORMA": 97, "COD_ZONA": "S", "COD_LOC": "08", "ACTUALIZ": 0, "Shape_Leng": 2902.49074462, "Shape_Area": 386904.49688 }, "geometry": { "type": "MultiPolygon", "coordinates": [ [ [ [ 91237.843724174177623, 103129.960945312588592 ], [ 91113.281228057661792, 103000.140593190910295 ], [ 91002.078155954513932, 102877.171889075980289 ], [ 91000.000011953990906, 102873.249969071795931 ], [ 90840.382795804907801, 102699.921904911505408 ], [ 90375.718731370812748, 102424.867184655071469 ], [ 90369.414091366154025, 102421.132784652072587 ], [ 90178.281227187035256, 102743.40625695156632 ], [ 90200.912944327821606, 102753.04330695727549 ], [ 90247.915492721644114, 102773.057957479031757 ], [ 90303.664075304055586, 102796.796849001184455 ], [ 90353.682917696060031, 102826.166833930692519 ], [ 90451.724846162906033, 102883.734938745619729 ], [ 90593.210955573566025, 102966.812529159535188 ], [ 90601.47755976919143, 102973.244347863350413 ], [ 90621.898443599799066, 102989.13278518167499 ], [ 90642.093771620595362, 103011.976561202129233 ], [ 90976.757835930387955, 103377.617201542132534 ], [ 90979.105699352468946, 103374.765828774805414 ], [ 91000.000011953990906, 103349.390641517005861 ], [ 91149.023436091112671, 103212.460913388727931 ], [ 91237.843724174177623, 103129.960945312588592 ] ] ] ] } },
{ "type": "Feature", "properties": { "OBJECTID": 479, "AREA": 279341.0, "PERIMETER": 3332.47, "BAR_": 480, "BAR_ID": 31, "NOMB_BARR": "JORGE URIBE BOTERO", "BAR_COD": "004568", "FORMA": 97, "COD_ZONA": "S", "COD_LOC": "07", "ACTUALIZ": 0, "Shape_Leng": 3332.4766146000002, "Shape_Area": 139894.783084 }, "geometry": { "type": "MultiPolygon", "coordinates": [ [ [ [ 88660.675552553584566, 102643.926832625700627 ], [ 88660.342577133065788, 102643.341148082283325 ], [ 88660.464469126993208, 102643.646003606118029 ], [ 88660.675552553584566, 102643.926832625700627 ] ] ], [ [ [ 88681.714665137784323, 102664.045943691657158 ], [ 88661.933454208905459, 102645.60036661515187 ], [ 88663.183250126632629, 102647.263116595291649 ], [ 88674.56617052933143, 102658.325490949355299 ], [ 88681.714665137784323, 102664.045943691657158 ] ] ], [ [ [ 88972.101693247226649, 103177.263762104630587 ], [ 88977.297701666480862, 103159.869428601246909 ], [ 88975.164031183012412, 103164.188584345974959 ], [ 88972.101693247226649, 103177.263762104630587 ] ] ], [ [ [ 89223.867210299722501, 103193.89841737257666 ], [ 89370.484362435541698, 102983.140593175514368 ], [ 89367.140618431265466, 102981.023409174173139 ], [ 89282.257802353880834, 102921.609393116843421 ], [ 89245.960906319844071, 102897.570289095019689 ], [ 89204.578122280348907, 102868.773425068517099 ], [ 89169.765642247642973, 102844.53124904622382 ], [ 89166.734346246317727, 102848.703153050271794 ], [ 89161.492170241224812, 102855.898417057789629 ], [ 89049.335946137274732, 102777.851568984871847 ], [ 89053.781258141214494, 102771.351536978239892 ], [ 88954.585930048924638, 102703.421872913910192 ], [ 88952.546890046287444, 102706.960944918653695 ], [ 88936.679690032120561, 102696.929712908065994 ], [ 88902.851593999555917, 102752.249968960066326 ], [ 88887.796873985091224, 102776.882800983294146 ], [ 88878.453129977613571, 102769.460912976690452 ], [ 88872.671881972710253, 102764.867184971662937 ], [ 88858.382793957862305, 102791.796848996658809 ], [ 88860.039049960323609, 102793.039088997422368 ], [ 88843.640894039795967, 102812.566599213314475 ], [ 88855.036049059272045, 102822.557681354868691 ], [ 88866.364305221883114, 102833.666991210629931 ], [ 88871.723601304998738, 102838.924685399033478 ], [ 88885.692391678647255, 102849.33085580857005 ], [ 88901.864554674582905, 102863.502521490154322 ], [ 88906.778448136348743, 102867.627430130218272 ], [ 88919.067735412565526, 102878.0491670385818 ], [ 88927.473855087446282, 102885.556860225857235 ], [ 88933.04424765695876, 102890.213077475986211 ], [ 88928.645887362843496, 102894.424124361830764 ], [ 88928.771045344314189, 102898.299116482914542 ], [ 88927.474090375078958, 102903.861544008846977 ], [ 88922.950719372267486, 102912.72097853620653 ], [ 88915.966537182743195, 102922.486655157932546 ], [ 88905.615232704891241, 102939.111715545717743 ], [ 88897.849593658029335, 102951.603798600117443 ], [ 88891.904453369890689, 102962.213395835657138 ], [ 88888.67016104744107, 102968.088426313683158 ], [ 88883.107746141409734, 102975.721069516424905 ], [ 88878.193744608506677, 102981.674386337952456 ], [ 88878.318754595107748, 102984.650876407613396 ], [ 88879.838215537791257, 102987.501416715458618 ], [ 88937.226570031212759, 103026.226545214653015 ], [ 88936.974358731866232, 103026.46082727627072 ], [ 88941.194055934654898, 103029.353326965429005 ], [ 88959.170686014243984, 103041.696837136609247 ], [ 88974.826895675738342, 103051.727930186229059 ], [ 88994.881748576823156, 103064.469833844006644 ], [ 89001.733321441904991, 103068.868354515143437 ], [ 89008.202200950079714, 103074.430563856949448 ], [ 89007.655009828493348, 103075.882195836893516 ], [ 89019.828106108325301, 103074.656241259857779 ], [ 89032.242186120187398, 103083.648433268725057 ], [ 89118.703114201329299, 103224.242161399059114 ], [ 89142.000010223608115, 103253.968753428533091 ], [ 89163.781258242990589, 103272.773425445251632 ], [ 89167.054666245603585, 103275.562481446715537 ], [ 89223.867210299722501, 103193.89841737257666 ] ] ], [ [ [ 88957.539082051545847, 103275.117169446399203 ], [ 88964.105474405660061, 103211.404991768999025 ], [ 88958.438145141495625, 103235.602627398067852 ], [ 88954.751031322070048, 103263.766656503590639 ], [ 88953.063549312500982, 103276.618119263337576 ], [ 88950.083827908892999, 103299.359743135195458 ], [ 88954.898442048943252, 103302.460913472401444 ], [ 88954.945290049043251, 103301.999985471295076 ], [ 88957.23765405206359, 103278.241257048401167 ], [ 88957.539082051545847, 103275.117169446399203 ] ] ] ] } },
{ "type": "Feature", "properties": { "OBJECTID": 481, "AREA": 853691.0, "PERIMETER": 3944.83, "BAR_": 482, "BAR_ID": 360, "NOMB_BARR": "HIPOTECHO OCCIDENTAL", "BAR_COD": "004502", "FORMA": 96, "COD_ZONA": "S", "COD_LOC": "08", "ACTUALIZ": 0, "Shape_Leng": 3944.8324392200002, "Shape_Area": 853691.26963500003 }, "geometry": { "type": "MultiPolygon", "coordinates": [ [ [ [ 94210.531278944035876, 103179.351537358597852 ], [ 94195.125006928748917, 103034.523441223340342 ], [ 94104.007822844621842, 103043.24216123080987 ], [ 94095.992206836614059, 102979.429681171866832 ], [ 94087.757838828081731, 102898.140593096381053 ], [ 94180.484366915276041, 102885.671857085137162 ], [ 94178.054670911704306, 102857.343729059022735 ], [ 94266.273422994083376, 102848.453105048916768 ], [ 94258.99220698857971, 102776.406256983653293 ], [ 94222.109390954632545, 102403.578096636105329 ], [ 94214.109390947385691, 102403.226544635283062 ], [ 94165.41403090005042, 102401.0937446331518 ], [ 94084.109390825295122, 102394.40625662682578 ], [ 94000.000014746794477, 102390.023408623761497 ], [ 93251.171854050073307, 102350.34372858684219 ], [ 93132.218765939542209, 102490.156272716078092 ], [ 93162.304717966908356, 102578.539056798108504 ], [ 93249.203150046872906, 103124.773425306862919 ], [ 93263.421902060072171, 103270.648433442402165 ], [ 93263.750030060851714, 103274.007793445227435 ], [ 93998.648462745040888, 103199.390641376812709 ], [ 94000.000014746794477, 103199.273457377261366 ], [ 94090.085966830665711, 103191.078129369561793 ], [ 94210.531278944035876, 103179.351537358597852 ] ] ] ] } },
{ "type": "Feature", "properties": { "OBJECTID": 484, "AREA": 599761.0, "PERIMETER": 3362.77, "BAR_": 485, "BAR_ID": 363, "NOMB_BARR": "CIUDAD KENNEDY ORIENTAL", "BAR_COD": "004510", "FORMA": 95, "COD_ZONA": "S", "COD_LOC": "08", "ACTUALIZ": 0, "Shape_Leng": 3362.7685852899999, "Shape_Area": 599761.04084699997 }, "geometry": { "type": "MultiPolygon", "coordinates": [ [ [ [ 92357.960909218440065, 103080.960945266022463 ], [ 92360.640653221154935, 103078.609393263381207 ], [ 92451.539085304742912, 102998.929713190256734 ], [ 92462.047773741927813, 102988.963139521685662 ], [ 92464.568005440858542, 102986.572919749421999 ], [ 92500.000013349272194, 102952.968753147230018 ], [ 92844.867213670077035, 102637.859376853011781 ], [ 92845.812493672332494, 102636.703152851740015 ], [ 92846.742157673797919, 102635.523440851131454 ], [ 92847.64846167450014, 102634.32030485048017 ], [ 92848.531277673639124, 102633.1093608483352 ], [ 92849.390605675667757, 102631.88280084762664 ], [ 92850.049173774401424, 102630.913281109416857 ], [ 92850.23438167621498, 102630.640624846157152 ], [ 92850.781261677519069, 102629.796848845609929 ], [ 92851.585933677954017, 102628.539056845576852 ], [ 92852.117197678482626, 102627.687472843535943 ], [ 92852.88282967809937, 102626.398448841951904 ], [ 92853.382797680023941, 102625.531248841361958 ], [ 92853.875021679719794, 102624.656240841490217 ], [ 92854.585933680675225, 102623.343728840583935 ], [ 92855.054669681048836, 102622.453104839936714 ], [ 92855.726541681156959, 102621.117168838973157 ], [ 92856.382797682730597, 102619.773424836515915 ], [ 92857.007821682753274, 102618.406256836213288 ], [ 92857.421901683745091, 102617.492208835523343 ], [ 92858.007821683655493, 102616.117168834447511 ], [ 92858.39060568381683, 102615.187504832982086 ], [ 92858.937485685120919, 102613.796848831130774 ], [ 92859.289037683745846, 102612.859376830383553 ], [ 92859.804685685725417, 102611.453104829983204 ], [ 92860.289037684648065, 102610.031280828086892 ], [ 92860.593741685384884, 102609.078128827284672 ], [ 92860.890637686839909, 102608.117168824988767 ], [ 92861.320333686380764, 102606.687472824531142 ], [ 92861.718733687317581, 102605.242160823312588 ], [ 92861.976589687954402, 102604.273456823226297 ], [ 92862.218765686295228, 102603.296880822381354 ], [ 92862.562509687864804, 102601.843760819654563 ], [ 92862.875021687868866, 102600.382832817645976 ], [ 92863.078093688338413, 102599.398448817519238 ], [ 92863.265613687311998, 102598.406256815884262 ], [ 92863.523405688654748, 102596.937520814622985 ], [ 92863.750029687740607, 102595.453104813277605 ], [ 92863.890637689546566, 102594.460912813869072 ], [ 92864.078093689240632, 102592.976560811817762 ], [ 92864.195341688056942, 102591.976560810915544 ], [ 92864.28903768825694, 102590.976560810013325 ], [ 92864.421901690075174, 102589.492208807962015 ], [ 92864.492173690232448, 102588.492208807059797 ], [ 92864.578125690444722, 102586.999984806432622 ], [ 92864.617165689051035, 102585.999984805530403 ], [ 92864.648461689881515, 102584.999984804628184 ], [ 92864.664077690656995, 102583.999984803725965 ], [ 92864.671885689924238, 102582.500016803125618 ], [ 92864.664077690656995, 102581.500016802223399 ], [ 92864.64065369059972, 102580.500016801306629 ], [ 92864.60935768976924, 102579.500016798177967 ], [ 92864.562509689669241, 102578.500016797275748 ], [ 92864.507789688781486, 102577.500016796373529 ], [ 92864.398413688526489, 102576.007792795760906 ], [ 92864.312525689820177, 102575.007792794858688 ], [ 92864.164045689452905, 102573.523440792807378 ], [ 92864.054669689183356, 102572.523440791905159 ], [ 92863.859405687995604, 102571.039088792065741 ], [ 92863.71873368913657, 102570.046896790445317 ], [ 92863.484365687836544, 102568.562480789114488 ], [ 92863.218765687211999, 102567.093744787824107 ], [ 92862.92967768725066, 102565.617200787266484 ], [ 92862.617165687232045, 102564.148464786005206 ], [ 92862.398413686722051, 102563.171888785145711 ], [ 92862.039053686603438, 102561.71876878241892 ], [ 92861.789069686754374, 102560.750000780841219 ], [ 92861.531277687623515, 102559.78123278147541 ], [ 92861.117197686631698, 102558.343728779524099 ], [ 92860.671885686315363, 102556.90622477758734 ], [ 92860.411718555013067, 102556.092444287089165 ], [ 92860.367181685578544, 102555.953136778291082 ], [ 92860.023437686235411, 102554.921904775837902 ], [ 92858.260394553959486, 102533.796236674068496 ], [ 92858.242189682729077, 102533.578096755984006 ], [ 92786.818514070779202, 102542.930632687581237 ], [ 92758.843725590690156, 102546.593776767811505 ], [ 92757.101739024859853, 102546.560770251962822 ], [ 92695.757837532757549, 102545.398448766427464 ], [ 92585.062477429310093, 102525.156272747757612 ], [ 92548.94529339496512, 102514.476592739316402 ], [ 92500.000013349272194, 102499.999984725480317 ], [ 92463.320333315074095, 102486.906224712001858 ], [ 92408.401415900938446, 102472.628697958367411 ], [ 92380.89063723909203, 102465.476592692735721 ], [ 92368.657804276590468, 102461.81076561944792 ], [ 92300.203149163586204, 102441.296880671317922 ], [ 92196.484365066411556, 102414.296880644658813 ], [ 92183.356954216171289, 102410.777923711473704 ], [ 92136.072060429680278, 102398.102651582186809 ], [ 92098.296844976532157, 102387.976560621842509 ], [ 91995.289036879592459, 102365.070320600527339 ], [ 91873.47655676593422, 102344.249968579708366 ], [ 91749.554700650201994, 102323.109360561109497 ], [ 91746.102816877202713, 102322.608795580628794 ], [ 91708.125004613553756, 102317.101552554187947 ], [ 91648.109388556258637, 102309.570288547314703 ], [ 91614.3593725253304, 102501.523440727643901 ], [ 91606.937484518726706, 102534.398448756473954 ], [ 91605.937484517824487, 102554.203120776321157 ], [ 91612.687500524305506, 102572.210928791886545 ], [ 91623.132812533673132, 102587.703152807400329 ], [ 91644.132812552677933, 102611.640624828956788 ], [ 91706.617164612165652, 102682.820336895121727 ], [ 91749.296844651791616, 102728.078128937195288 ], [ 91890.328140782454284, 102882.390641081030481 ], [ 91996.632780882049701, 103000.328113192110322 ], [ 92138.414093013765523, 103151.84376133295882 ], [ 92204.062477073384798, 103222.476593397834222 ], [ 92232.34375710162567, 103195.523441373501555 ], [ 92348.656269208848244, 103089.117169273624313 ], [ 92357.960909218440065, 103080.960945266022463 ] ] ] ] } },
{ "type": "Feature", "properties": { "OBJECTID": 486, "AREA": 258850.0, "PERIMETER": 2473.47, "BAR_": 487, "BAR_ID": 3, "NOMB_BARR": "ESCOCIA", "BAR_COD": "004519", "FORMA": 98, "COD_ZONA": "S", "COD_LOC": "07", "ACTUALIZ": 0, "Shape_Leng": 2473.4640573400002, "Shape_Area": 1747.81227872 }, "geometry": { "type": "MultiPolygon", "coordinates": [ [ [ [ 88338.862415613606572, 102497.5401053398964 ], [ 88348.43270775640849, 102495.649249607842648 ], [ 88363.565450140944449, 102498.180267237941734 ], [ 88382.065356672741473, 102501.859745892812498 ], [ 88401.081105921650305, 102507.87539690588892 ], [ 88413.054357153552701, 102510.632123366405722 ], [ 88413.234377542932634, 102504.570288730465109 ], [ 88408.531273539862013, 102503.812528729409678 ], [ 88348.21876148332376, 102494.101552718813764 ], [ 88292.983146038328414, 102514.142811976504163 ], [ 88293.714179509654059, 102514.087251735356404 ], [ 88310.659453667452908, 102508.844940381924971 ], [ 88328.120255622794502, 102501.797858723119134 ], [ 88334.206189378470299, 102499.336902560971794 ], [ 88338.862415613606572, 102497.5401053398964 ] ] ], [ [ [ 88169.664073317209841, 102520.523440744844265 ], [ 88150.861707578718779, 102517.948084626434138 ], [ 88156.456841462626471, 102518.994670620304532 ], [ 88170.199856369275949, 102520.612735676157172 ], [ 88169.664073317209841, 102520.523440744844265 ] ] ], [ [ [ 88251.198934286323492, 102533.767318731537671 ], [ 88276.153519244035124, 102520.249142305052374 ], [ 88260.82029740215512, 102525.812528749316698 ], [ 88267.734345408272929, 102507.796848732978106 ], [ 88263.484361404800438, 102507.117168731347192 ], [ 88236.187529378192266, 102503.546864729505614 ], [ 88180.551088993743178, 102520.790675669995835 ], [ 88251.198934286323492, 102533.767318731537671 ] ] ] ] } },
{ "type": "Feature", "properties": { "OBJECTID": 488, "AREA": 512706.0, "PERIMETER": 3321.35, "BAR_": 489, "BAR_ID": 367, "NOMB_BARR": "CIUDAD KENNEDY SUR", "BAR_COD": "004507", "FORMA": 95, "COD_ZONA": "S", "COD_LOC": "08", "ACTUALIZ": 0, "Shape_Leng": 3321.3546218900001, "Shape_Area": 512705.71319799998 }, "geometry": { "type": "MultiPolygon", "coordinates": [ [ [ [ 91455.249996376733179, 102935.242161130852764 ], [ 91443.554700366599718, 102922.421873118786607 ], [ 91303.20314823462104, 102770.773424977611285 ], [ 91263.187468198360875, 102726.476592935621738 ], [ 91238.421900174100301, 102699.960944912323612 ], [ 91224.62497216189513, 102680.226544892619131 ], [ 91219.82810815711855, 102664.937520878374926 ], [ 91219.664076157481759, 102639.773424854603945 ], [ 91225.156236162423738, 102607.507824825021089 ], [ 91245.570316181518137, 102501.531248726925696 ], [ 91256.24999619218579, 102443.593776672365493 ], [ 91275.203148209286155, 102341.039088577250368 ], [ 91283.343756216112524, 102288.523440528209903 ], [ 91290.015628223889507, 102244.640624487932655 ], [ 91257.140620192833012, 102238.56248048155976 ], [ 91198.0234361376788, 102228.296880471898476 ], [ 91181.524209457609686, 102224.169151864072774 ], [ 91165.046860105649102, 102220.046896464802558 ], [ 91137.945292082440574, 102215.210928459913703 ], [ 91111.307466202502837, 102212.762354451726424 ], [ 91104.968780049690395, 102212.179696457867976 ], [ 91061.593740010604961, 102205.171888450044207 ], [ 91027.838812665097066, 102198.561316733757849 ], [ 91000.000011953990906, 102193.109360439018928 ], [ 90841.753101400914602, 102163.560933939486858 ], [ 90665.406219642143697, 102130.632816381039447 ], [ 90567.757835551339667, 102098.078128351495252 ], [ 90375.718731370812748, 102424.867184655071469 ], [ 90840.382795804907801, 102699.921904911505408 ], [ 91000.000011953990906, 102873.249969071795931 ], [ 91002.078155954513932, 102877.171889075980289 ], [ 91113.281228057661792, 103000.140593190910295 ], [ 91237.843724174177623, 103129.960945312588592 ], [ 91270.289036205678713, 103099.828145282896003 ], [ 91383.156236309863743, 103000.617201192057109 ], [ 91455.249996376733179, 102935.242161130852764 ] ] ] ] } },
{ "type": "Feature", "properties": { "OBJECTID": 490, "AREA": 153144.0, "PERIMETER": 2332.23, "BAR_": 491, "BAR_ID": 3048, "NOMB_BARR": "EL DANUBIO AZUL", "BAR_COD": "004588", "FORMA": 99, "COD_ZONA": "S", "COD_LOC": "07", "ACTUALIZ": 0, "Shape_Leng": 2332.2130597599999, "Shape_Area": 1366.1653167500001 }, "geometry": { "type": "MultiPolygon", "coordinates": [ [ [ [ 88684.734345796779962, 102515.171888739481801 ], [ 88611.249993727338733, 102454.52344068288221 ], [ 88608.289033725450281, 102457.703152685295208 ], [ 88590.937481709232088, 102477.953136705473298 ], [ 88569.08596168969234, 102503.42968072774238 ], [ 88531.914057653557393, 102515.062512739212252 ], [ 88530.085961652177502, 102515.640624739855411 ], [ 88498.359369623110979, 102521.507824744971003 ], [ 88473.914057601068635, 102522.406256747111911 ], [ 88439.929673568854923, 102510.710960734766559 ], [ 88415.476553545318893, 102504.929712729848688 ], [ 88413.234377542932634, 102504.570288730465109 ], [ 88413.054357153552701, 102510.632123366405722 ], [ 88415.229601105223992, 102511.132952460306115 ], [ 88420.487290276767453, 102512.343932586896699 ], [ 88437.955956640944351, 102516.023364801469143 ], [ 88460.721619297022698, 102523.468461219075834 ], [ 88475.596646872611018, 102524.694903928117128 ], [ 88493.838753195697791, 102523.077551773865707 ], [ 88512.854397577306372, 102522.624170118171605 ], [ 88531.877737623406574, 102520.61616958155355 ], [ 88546.494874818061362, 102516.678630032809451 ], [ 88550.369907998203416, 102516.022323189521558 ], [ 88568.229150011524325, 102509.490902074816404 ], [ 88575.080653676064685, 102503.928315085009672 ], [ 88583.48666025629791, 102495.842282490237267 ], [ 88596.041228376561776, 102480.256295226950897 ], [ 88602.252122534671798, 102472.232872179491096 ], [ 88608.845782765143667, 102466.990672436557361 ], [ 88614.798746098676929, 102462.217113915947266 ], [ 88626.048846353660338, 102471.326390436079237 ], [ 88643.775539166977978, 102485.623047445493285 ], [ 88659.556917414651252, 102496.232312300242484 ], [ 88660.853855213732459, 102497.716627671281458 ], [ 88677.666444887654507, 102510.333704739678069 ], [ 88697.463300414237892, 102525.794281659225817 ], [ 88706.577548577814014, 102533.197478242305806 ], [ 88685.398409797620843, 102515.71876874078589 ], [ 88684.734345796779962, 102515.171888739481801 ] ] ], [ [ [ 88722.914057833084371, 102546.679664768729708 ], [ 88713.420406900040689, 102538.844749077776214 ], [ 88720.486940848451923, 102546.036180071430863 ], [ 88717.510353083518567, 102555.801911225309595 ], [ 88707.381762271834305, 102569.631962129613385 ], [ 88714.742217824707041, 102561.242160781257553 ], [ 88722.914057833084371, 102546.679664768729708 ] ] ], [ [ [ 88681.000009793060599, 102599.703152818256058 ], [ 88702.37925002934935, 102575.334066253926721 ], [ 88692.932641051680548, 102585.942572286687209 ], [ 88683.50306856338284, 102596.630225503875408 ], [ 88678.831350895576179, 102601.927089940145379 ], [ 88669.128344492157339, 102614.286643941915827 ], [ 88667.106796796884737, 102617.320878462429391 ], [ 88681.000009793060599, 102599.703152818256058 ] ] ] ] } },
{ "type": "Feature", "properties": { "OBJECTID": 498, "AREA": 318979.0, "PERIMETER": 3955.45, "BAR_": 499, "BAR_ID": 27, "NOMB_BARR": "GRAN BRITALIA", "BAR_COD": "004557", "FORMA": 97, "COD_ZONA": "S", "COD_LOC": "08", "ACTUALIZ": 0, "Shape_Leng": 3955.45339891, "Shape_Area": 284117.902176 }, "geometry": { "type": "MultiPolygon", "coordinates": [ [ [ [ 88428.84372155868914, 101998.25784025847679 ], [ 88431.804681560577592, 101974.593776236812118 ], [ 88429.953097559860907, 101976.062512238087947 ], [ 88422.195337552475394, 101982.632816242650733 ], [ 88418.149644202028867, 101988.453329700045288 ], [ 88415.060463273606729, 101994.884297747732489 ], [ 88426.638813682351611, 102009.063725996980793 ], [ 88430.576301665088977, 102013.829396981891477 ], [ 88441.954493190569337, 102021.926551210257458 ], [ 88436.890633565315511, 102015.601584273186745 ], [ 88429.187529559523682, 101999.999984259644407 ], [ 88428.84372155868914, 101998.25784025847679 ] ] ], [ [ [ 88508.226569631849998, 102050.929712307872251 ], [ 88495.30194723670138, 102047.973569402427529 ], [ 88509.490468574411352, 102051.734751953699742 ], [ 88520.172627304782509, 102051.700704388029408 ], [ 88508.226569631849998, 102050.929712307872251 ] ] ], [ [ [ 88562.511684026132571, 102052.665515374217648 ], [ 88551.71092167191091, 102050.929712307872251 ], [ 88540.038234899082454, 102051.637386142800096 ], [ 88548.818565045206924, 102051.609400334680686 ], [ 88562.511684026132571, 102052.665515374217648 ] ] ], [ [ [ 88608.781257725160685, 102060.101552314939909 ], [ 88603.590015062945895, 102059.267261677014176 ], [ 88618.412264132202836, 102069.968193004810018 ], [ 88633.162420742155518, 102088.60848348205036 ], [ 88633.334396933685639, 102089.225766803690931 ], [ 88651.685187487091753, 102113.483854680962395 ], [ 88640.039049754559528, 102094.070320346378139 ], [ 88614.898441732351785, 102065.539056320500094 ], [ 88608.781257725160685, 102060.101552314939909 ] ] ], [ [ [ 88684.203145795530872, 102168.132784416447976 ], [ 88675.556739877501968, 102153.571272688684985 ], [ 88685.045704434378422, 102170.316043922357494 ], [ 88684.203145795530872, 102168.132784416447976 ] ] ], [ [ [ 89367.140618431265466, 102981.023409174173139 ], [ 89599.023434648348484, 102648.359344863973092 ], [ 89594.054666643147357, 102648.359344863973092 ], [ 89592.789066641620593, 102647.460912861832185 ], [ 89542.42189859476639, 102611.671856828281307 ], [ 89495.539082551767933, 102575.656240794924088 ], [ 89430.312522490916308, 102516.210928741202224 ], [ 89354.218762420437997, 102453.710960683180019 ], [ 89277.445322348328773, 102395.953136629046639 ], [ 89194.85940227197716, 102328.679664564770064 ], [ 89072.320330157323042, 102233.273456476366846 ], [ 89076.125002160464646, 102228.046896472049411 ], [ 89082.015626165637514, 102219.992176463914802 ], [ 89065.703114151139744, 102201.578096446639393 ], [ 89069.460938154195901, 102196.93752044372377 ], [ 89022.968778112131986, 102144.773424395520124 ], [ 88998.093770088322344, 102116.843760367395589 ], [ 88953.249994045734638, 102165.75000041446765 ], [ 88910.445322007290088, 102200.406256446818588 ], [ 88882.593737980816513, 102219.429680464061676 ], [ 88854.054665953444783, 102239.812528483831557 ], [ 88818.046857921595802, 102260.88280050297908 ], [ 88699.148425810446497, 102206.859376451844582 ], [ 88691.502051274175756, 102187.045895075541921 ], [ 88693.507093279768014, 102203.107700270425994 ], [ 88682.054367697317502, 102234.591970443652826 ], [ 88666.312459842054523, 102257.490559869940626 ], [ 88641.976772358786548, 102287.560975421831245 ], [ 88617.641004232646083, 102299.006566496100277 ], [ 88603.328539146852563, 102288.991079591301968 ], [ 88567.53908213628165, 102247.475948290055385 ], [ 88551.796715090313228, 102215.983997589559294 ], [ 88533.187155436142348, 102181.632845628468203 ], [ 88500.264657481398899, 102128.680016634229105 ], [ 88450.162535133145866, 102054.235352129486273 ], [ 88401.490659128103289, 102038.49373120785458 ], [ 88392.904985373214004, 102057.110914682023576 ], [ 88391.131288476462942, 102059.591953188428306 ], [ 88388.367177520616679, 102065.843760321236914 ], [ 88384.385152819537325, 102069.029380082982243 ], [ 88378.592730261952966, 102077.134438237335416 ], [ 88364.614948925416684, 102085.678994788599084 ], [ 88470.195337595912861, 102176.906224424790707 ], [ 88556.390601677150698, 102251.390640494413674 ], [ 88678.078153791284421, 102371.773424605402397 ], [ 88622.492169737874065, 102442.453104672589689 ], [ 88611.249993727338733, 102454.52344068288221 ], [ 88684.734345796779962, 102515.171888739481801 ], [ 88685.398409797620843, 102515.71876874078589 ], [ 88915.632842010789318, 102405.742192636840628 ], [ 89056.367178142943885, 102499.226544724369887 ], [ 89140.414090220569051, 102549.46091277092637 ], [ 89343.304714410682209, 102687.703152900125133 ], [ 89235.59373830918048, 102836.90622503987106 ], [ 89230.539082305273041, 102833.27345703492756 ], [ 89204.578122280348907, 102868.773425068517099 ], [ 89245.960906319844071, 102897.570289095019689 ], [ 89282.257802353880834, 102921.609393116843421 ], [ 89367.140618431265466, 102981.023409174173139 ] ] ] ] } },
{ "type": "Feature", "properties": { "OBJECTID": 505, "AREA": 167431.0, "PERIMETER": 1938.99, "BAR_": 506, "BAR_ID": 39, "NOMB_BARR": "EL CARMELO", "BAR_COD": "004559", "FORMA": 99, "COD_ZONA": "S", "COD_LOC": "08", "ACTUALIZ": 0, "Shape_Leng": 1939.01520807, "Shape_Area": 167195.34460099999 }, "geometry": { "type": "MultiPolygon", "coordinates": [ [ [ [ 88685.398409797620843, 102515.71876874078589 ], [ 88706.577548577814014, 102533.197478242305806 ], [ 88712.986891164182452, 102538.403571193455718 ], [ 88713.420406900040689, 102538.844749077776214 ], [ 88722.914057833084371, 102546.679664768729708 ], [ 88714.742217824707041, 102561.242160781257553 ], [ 88707.381762271834305, 102569.631962129613385 ], [ 88707.034054760515573, 102570.106738202652195 ], [ 88702.37925002934935, 102575.334066253926721 ], [ 88681.000009793060599, 102599.703152818256058 ], [ 88667.106796796884737, 102617.320878462429391 ], [ 88664.995487276581116, 102620.489840662543429 ], [ 88664.432951199676609, 102621.247542294382583 ], [ 88658.909709440980805, 102628.700653250882169 ], [ 88656.972191694439971, 102634.911713302775752 ], [ 88660.342577133065788, 102643.341148082283325 ], [ 88660.675552553584566, 102643.926832625700627 ], [ 88661.933454208905459, 102645.60036661515187 ], [ 88681.714665137784323, 102664.045943691657158 ], [ 88693.066315683696303, 102673.129895496327663 ], [ 88709.496103902900359, 102687.825101221416844 ], [ 88714.589773681364022, 102692.801475709798979 ], [ 88724.371150439430494, 102702.371811140154023 ], [ 88739.894679909586557, 102716.926238134983578 ], [ 88756.199493640073342, 102732.379245435644407 ], [ 88772.363600558135659, 102746.550884853204479 ], [ 88786.207504933379823, 102761.10539681231603 ], [ 88801.3482452731987, 102775.144337346428074 ], [ 88812.238981708782376, 102784.77702697350469 ], [ 88818.676378526171902, 102790.47219412868435 ], [ 88835.629631984935259, 102805.542313432844821 ], [ 88839.309346591762733, 102808.768770549941109 ], [ 88843.640894039795967, 102812.566599213314475 ], [ 88860.039049960323609, 102793.039088997422368 ], [ 88858.382793957862305, 102791.796848996658809 ], [ 88872.671881972710253, 102764.867184971662937 ], [ 88878.453129977613571, 102769.460912976690452 ], [ 88887.796873985091224, 102776.882800983294146 ], [ 88902.851593999555917, 102752.249968960066326 ], [ 88936.679690032120561, 102696.929712908065994 ], [ 88952.546890046287444, 102706.960944918653695 ], [ 88954.585930048924638, 102703.421872913910192 ], [ 89053.781258141214494, 102771.351536978239892 ], [ 89049.335946137274732, 102777.851568984871847 ], [ 89161.492170241224812, 102855.898417057789629 ], [ 89166.734346246317727, 102848.703153050271794 ], [ 89169.765642247642973, 102844.53124904622382 ], [ 89204.578122280348907, 102868.773425068517099 ], [ 89230.539082305273041, 102833.27345703492756 ], [ 89235.59373830918048, 102836.90622503987106 ], [ 89343.304714410682209, 102687.703152900125133 ], [ 89140.414090220569051, 102549.46091277092637 ], [ 89056.367178142943885, 102499.226544724369887 ], [ 88915.632842010789318, 102405.742192636840628 ], [ 88685.398409797620843, 102515.71876874078589 ] ] ] ] } },
{ "type": "Feature", "properties": { "OBJECTID": 506, "AREA": 365584.0, "PERIMETER": 3262.12, "BAR_": 507, "BAR_ID": 23, "NOMB_BARR": "PASTRANA", "BAR_COD": "004525", "FORMA": 96, "COD_ZONA": "S", "COD_LOC": "08", "ACTUALIZ": 0, "Shape_Leng": 3262.1257210600002, "Shape_Area": 365584.26227000001 }, "geometry": { "type": "MultiPolygon", "coordinates": [ [ [ [ 90132.242187144584022, 102827.750001031366992 ], [ 90150.956925301390584, 102793.464510191421141 ], [ 90178.109481981708086, 102743.720895000893506 ], [ 90178.281227187035256, 102743.40625695156632 ], [ 90369.414091366154025, 102421.132784652072587 ], [ 90375.718731370812748, 102424.867184655071469 ], [ 90567.757835551339667, 102098.078128351495252 ], [ 90522.85940350938472, 102083.117168336524628 ], [ 90497.156235483576893, 102076.187504329631338 ], [ 90471.2578034610342, 102069.210928323343978 ], [ 90392.039051386789652, 102036.773424293336575 ], [ 90332.98439533180499, 102021.187504279849236 ], [ 90248.765643253034796, 102009.273456269205781 ], [ 90244.715637412897195, 102007.389853696731734 ], [ 90218.445323224383174, 101995.171888255543308 ], [ 90159.695307170826709, 101986.992176246392773 ], [ 89949.953098975456669, 101956.500016218808014 ], [ 89599.960906649095705, 101907.476592174411053 ], [ 89603.278842773870565, 101909.865883531572763 ], [ 89728.445322769810446, 101999.999984259644407 ], [ 90037.718731056025717, 102223.046896467509214 ], [ 89843.406218875999912, 102487.679664713112288 ], [ 89872.254957047087373, 102516.690535428191652 ], [ 89964.34375498908048, 102609.296880827809218 ], [ 90044.460456690154388, 102662.966900993691524 ], [ 90047.343755066409358, 102664.898416878277203 ], [ 90047.19506387396541, 102665.095747924118768 ], [ 90015.914059036585968, 102706.609392917831428 ], [ 90029.281227049970767, 102714.742192925376003 ], [ 90004.765643025544705, 102767.289072973740986 ], [ 90004.546891025020159, 102767.773424974890077 ], [ 90027.648459046817152, 102777.492208984767785 ], [ 90056.640651073801564, 102788.546864994103089 ], [ 90074.570315090648364, 102799.609393004211597 ], [ 90085.421899101740564, 102806.296881010537618 ], [ 90104.02343511871004, 102817.773425020146533 ], [ 90127.119581029211986, 102832.959654837788548 ], [ 90128.796875141531928, 102834.062513036798919 ], [ 90132.242187144584022, 102827.750001031366992 ] ] ] ] } },
{ "type": "Feature", "properties": { "OBJECTID": 508, "AREA": 270474.0, "PERIMETER": 2616.46, "BAR_": 509, "BAR_ID": 25, "NOMB_BARR": "CASABLANCA SUR", "BAR_COD": "004576", "FORMA": 98, "COD_ZONA": "S", "COD_LOC": "08", "ACTUALIZ": 0, "Shape_Leng": 2616.4752082700002, "Shape_Area": 270474.63821399998 }, "geometry": { "type": "MultiPolygon", "coordinates": [ [ [ [ 90004.546891025020159, 102767.773424974890077 ], [ 90004.765643025544705, 102767.289072973740986 ], [ 90029.281227049970767, 102714.742192925376003 ], [ 90015.914059036585968, 102706.609392917831428 ], [ 90047.19506387396541, 102665.095747924118768 ], [ 90047.343755066409358, 102664.898416878277203 ], [ 90044.460456690154388, 102662.966900993691524 ], [ 89964.34375498908048, 102609.296880827809218 ], [ 89872.254957047087373, 102516.690535428191652 ], [ 89843.406218875999912, 102487.679664713112288 ], [ 89834.73455333270249, 102480.361122421192704 ], [ 89791.085962826720788, 102443.5234406729287 ], [ 89210.601546285834047, 102022.640624280349584 ], [ 89069.460938154195901, 102196.93752044372377 ], [ 89065.703114151139744, 102201.578096446639393 ], [ 89082.015626165637514, 102219.992176463914802 ], [ 89076.125002160464646, 102228.046896472049411 ], [ 89072.320330157323042, 102233.273456476366846 ], [ 89194.85940227197716, 102328.679664564770064 ], [ 89277.445322348328773, 102395.953136629046639 ], [ 89354.218762420437997, 102453.710960683180019 ], [ 89430.312522490916308, 102516.210928741202224 ], [ 89495.539082551767933, 102575.656240794924088 ], [ 89542.42189859476639, 102611.671856828281307 ], [ 89592.789066641620593, 102647.460912861832185 ], [ 89594.054666643147357, 102648.359344863973092 ], [ 89599.023434648348484, 102648.359344863973092 ], [ 89602.210954652255168, 102648.359344863973092 ], [ 89633.187530680268537, 102660.789040874384227 ], [ 89814.867210850134143, 102785.953136990880012 ], [ 89843.382794875957188, 102753.710960961354431 ], [ 89861.585930891989847, 102758.882800967010553 ], [ 89955.0937709788559, 102788.687472993682604 ], [ 89974.414090997568564, 102792.97656099726737 ], [ 89974.664074997417629, 102793.031280998140574 ], [ 89989.835915012125042, 102799.28907300492574 ], [ 90003.312523025044356, 102767.242160974361468 ], [ 90004.546891025020159, 102767.773424974890077 ] ] ] ] } },
{ "type": "Feature", "properties": { "OBJECTID": 519, "AREA": 913396.0, "PERIMETER": 4909.2, "BAR_": 520, "BAR_ID": 380, "NOMB_BARR": "PROVIVIENDA OCCIDENTAL", "BAR_COD": "004505", "FORMA": 96, "COD_ZONA": "S", "COD_LOC": "08", "ACTUALIZ": 0, "Shape_Leng": 4909.1978601500005, "Shape_Area": 913395.83634799998 }, "geometry": { "type": "MultiPolygon", "coordinates": [ [ [ [ 92858.242189682729077, 102533.578096755984006 ], [ 92951.335470557169174, 102521.031768884000485 ], [ 92986.757837802782888, 102516.257840740596293 ], [ 93014.867213828372769, 102511.953136736236047 ], [ 93057.040271131467307, 102498.526339589210693 ], [ 93070.398413881630404, 102494.273456719238311 ], [ 93074.125396866424126, 102494.025242754505598 ], [ 93132.218765939542209, 102490.156272716078092 ], [ 93126.882681453513214, 102474.48243850277504 ], [ 93112.648461920995032, 102432.6718566618365 ], [ 93059.882829872105503, 102234.046896477462724 ], [ 93011.367181826673914, 101999.999984259644407 ], [ 93001.71873381624755, 101971.148464233774575 ], [ 92955.601549775077729, 101699.796847979509039 ], [ 92941.960909762507072, 101629.257839913407224 ], [ 92910.281229732834618, 101359.890607662411639 ], [ 92901.562509723153198, 101304.023407612039591 ], [ 92879.117197702929843, 101226.757807539499481 ], [ 92853.210957678878913, 101157.710959474730771 ], [ 92841.031245668331394, 101130.640623450861312 ], [ 92823.140621650076355, 101137.796847457560943 ], [ 92748.695309580565663, 101165.093743481236743 ], [ 92706.507789541356033, 101182.468719497497659 ], [ 92659.351565498451237, 101204.796847518198774 ], [ 92666.195341504426324, 101218.500015530909877 ], [ 92668.648461508055334, 101278.046895587845938 ], [ 92664.531277502683224, 101332.656239638890838 ], [ 92637.37498947858694, 101360.718767664395273 ], [ 92675.398413513030391, 101405.976559706468834 ], [ 92740.578125573782017, 101472.070319767910405 ], [ 92793.085965623540687, 101522.773423814825946 ], [ 92761.398413593095029, 101553.546863843075698 ], [ 92734.242189568292815, 101578.898415866540745 ], [ 92704.367181539957528, 101606.96094389425707 ], [ 92666.343757505514077, 101644.976559929433279 ], [ 92611.125005452995538, 101697.492207978473743 ], [ 92583.054669428209309, 101725.546864003190421 ], [ 92566.320333412731998, 101750.65624002830009 ], [ 92411.648461266580853, 101587.296879876230378 ], [ 92330.210957192233764, 101664.289071946637705 ], [ 92328.617165190633386, 101665.953135948380805 ], [ 92169.921869043027982, 101501.562479794578394 ], [ 92109.195340987003874, 101596.976559883769369 ], [ 92106.296844983764458, 101601.531247887964128 ], [ 92060.585932939880877, 101668.28907195024658 ], [ 92030.109388913071598, 101715.453103994659614 ], [ 91998.85940488295455, 101761.546864037984051 ], [ 91983.975876922704629, 101779.548126978668733 ], [ 91959.289036847010721, 101809.406256081842002 ], [ 91904.281228795734933, 101888.906224155260134 ], [ 91856.578124751540599, 101960.007792222721037 ], [ 91856.998723510056152, 101960.304618292662781 ], [ 91859.312524753622711, 101961.937520224382752 ], [ 91913.062476803359459, 101999.999984259644407 ], [ 91993.929676878571627, 102067.578096323137288 ], [ 92120.789068996149581, 102170.640624418738298 ], [ 92224.390605092266924, 102253.351536496120389 ], [ 92241.039053109037923, 102266.398448507272406 ], [ 92438.179661291360389, 102429.703152659960324 ], [ 92548.94529339496512, 102514.476592739316402 ], [ 92585.062477429310093, 102525.156272747757612 ], [ 92695.757837532757549, 102545.398448766427464 ], [ 92757.101739024859853, 102546.560770251962822 ], [ 92758.843725590690156, 102546.593776767811505 ], [ 92786.818514070779202, 102542.930632687581237 ], [ 92858.242189682729077, 102533.578096755984006 ] ] ] ] } },
{ "type": "Feature", "properties": { "OBJECTID": 520, "AREA": 467782.0, "PERIMETER": 3581.27, "BAR_": 521, "BAR_ID": 34, "NOMB_BARR": "LA PAZ BOSA", "BAR_COD": "004520", "FORMA": 98, "COD_ZONA": "S", "COD_LOC": "07", "ACTUALIZ": 0, "Shape_Leng": 3581.2702776800002, "Shape_Area": 170987.534025 }, "geometry": { "type": "MultiPolygon", "coordinates": [ [ [ [ 88276.153519244035124, 102520.249142305052374 ], [ 88286.51887957987492, 102514.634111240447965 ], [ 88292.983146038328414, 102514.142811976504163 ], [ 88348.21876148332376, 102494.101552718813764 ], [ 88408.531273539862013, 102503.812528729409678 ], [ 88413.234377542932634, 102504.570288730465109 ], [ 88415.476553545318893, 102504.929712729848688 ], [ 88439.929673568854923, 102510.710960734766559 ], [ 88473.914057601068635, 102522.406256747111911 ], [ 88498.359369623110979, 102521.507824744971003 ], [ 88530.085961652177502, 102515.640624739855411 ], [ 88531.914057653557393, 102515.062512739212252 ], [ 88569.08596168969234, 102503.42968072774238 ], [ 88590.937481709232088, 102477.953136705473298 ], [ 88608.289033725450281, 102457.703152685295208 ], [ 88611.249993727338733, 102454.52344068288221 ], [ 88622.492169737874065, 102442.453104672589689 ], [ 88678.078153791284421, 102371.773424605402397 ], [ 88556.390601677150698, 102251.390640494413674 ], [ 88470.195337595912861, 102176.906224424790707 ], [ 88364.614948925416684, 102085.678994788599084 ], [ 88352.827291603985941, 102092.88473811505537 ], [ 88328.49132563440071, 102098.611290203523822 ], [ 88310.161977656112867, 102105.157274717959808 ], [ 88303.224601374473423, 102110.623244209680706 ], [ 88295.733843704118044, 102117.58039708097931 ], [ 88300.695050504422397, 102142.416166274051648 ], [ 88313.890730331651866, 102173.728540654221433 ], [ 88319.593769105456886, 102180.954985179472715 ], [ 88323.460984037112212, 102185.626844007871114 ], [ 88327.086003460688516, 102188.470625586967799 ], [ 88333.554905169206904, 102196.493869232042925 ], [ 88351.148848719501984, 102217.579566433909349 ], [ 88352.961353697726736, 102222.235821468158974 ], [ 88363.305175391753437, 102244.876399469212629 ], [ 88363.531785648927325, 102248.055991993707721 ], [ 88363.563111075432971, 102248.493515066773398 ], [ 88357.094695719264564, 102274.243521338925348 ], [ 88340.540208455990069, 102299.079494894220261 ], [ 88333.813741077639861, 102303.360828699689591 ], [ 88320.876300777948927, 102311.626552473579068 ], [ 88300.954542711566319, 102315.634540712053422 ], [ 88282.587352691072738, 102318.486194378579967 ], [ 88249.727969541374478, 102311.884970070430427 ], [ 88232.391981933236821, 102290.541523608204443 ], [ 88221.009030642933794, 102276.830723159320769 ], [ 88204.446302724783891, 102255.745000522161718 ], [ 88185.555641070357524, 102229.745077990970458 ], [ 88180.883588324461016, 102224.229747134755598 ], [ 88175.469641316580237, 102217.838963796355529 ], [ 88151.407028243760578, 102200.636167147386004 ], [ 88144.422556603283738, 102195.979858856298961 ], [ 88138.609989759541349, 102191.769310538322316 ], [ 88128.375469352904474, 102184.339568689800217 ], [ 88108.453566633266746, 102167.386800148087787 ], [ 88099.062941960612079, 102158.628844787017442 ], [ 88095.179956538937404, 102145.808751007949468 ], [ 88079.476949148069252, 102148.246347255975707 ], [ 88067.062950585604995, 102151.293427202588646 ], [ 88063.828382598541793, 102153.613754782287288 ], [ 88060.461413846292999, 102156.457570486192708 ], [ 88058.000484565840452, 102159.566949617481441 ], [ 88056.969344513054239, 102163.441891918861074 ], [ 88056.711682998706237, 102181.558966621567379 ], [ 88056.063416291799513, 102195.98083217421663 ], [ 88055.547954359877622, 102211.184039947605925 ], [ 88055.548076061837492, 102225.730877562746173 ], [ 88055.415253068000311, 102228.707379954576027 ], [ 88055.673059366701636, 102241.973047394509194 ], [ 88055.805992093592067, 102249.223006405314663 ], [ 88055.03255660054856, 102256.262051287121722 ], [ 88054.899992672158987, 102270.168152174912393 ], [ 88054.870525371152326, 102271.27695521528949 ], [ 88054.5094957662659, 102284.863360235118307 ], [ 88054.689326741747209, 102295.160280612239148 ], [ 88054.767496482367278, 102299.668163295107661 ], [ 88054.767625660722842, 102314.34786271469784 ], [ 88055.54911351010378, 102330.972651672636857 ], [ 88057.744421451658127, 102344.621090097352862 ], [ 88055.158647449614364, 102358.527434771196567 ], [ 88054.127644866995979, 102373.081851336843101 ], [ 88053.721339833602542, 102378.730532664980274 ], [ 88052.963742640247801, 102389.183486344380071 ], [ 88053.221527889501886, 102402.05864556049346 ], [ 88051.534209871839266, 102417.636717595421942 ], [ 88049.081252189324005, 102434.527184095204575 ], [ 88048.995453694078606, 102442.86305728968 ], [ 88048.978608389385045, 102444.184152857647859 ], [ 88048.948501726525137, 102447.011634615686489 ], [ 88047.011307382461382, 102462.472567882708972 ], [ 88046.237893554294715, 102475.988084920667461 ], [ 88046.362969384281314, 102477.542811883846298 ], [ 88045.71453323312744, 102490.800453666946851 ], [ 88045.589550057135057, 102492.995938333595404 ], [ 88045.332012557642884, 102503.097517990376218 ], [ 88059.816259493090911, 102505.36290037969593 ], [ 88077.284909706926555, 102506.331480513763381 ], [ 88096.300730122689856, 102509.112583753827494 ], [ 88114.667733033318655, 102512.018622649775352 ], [ 88132.652080813306384, 102514.541921213036403 ], [ 88150.861707578718779, 102517.948084626434138 ], [ 88169.664073317209841, 102520.523440744844265 ], [ 88170.199856369275949, 102520.612735676157172 ], [ 88176.894273875004728, 102521.400918117244146 ], [ 88179.066035183597705, 102520.517900002130773 ], [ 88180.551088993743178, 102520.790675669995835 ], [ 88236.187529378192266, 102503.546864729505614 ], [ 88263.484361404800438, 102507.117168731347192 ], [ 88267.734345408272929, 102507.796848732978106 ], [ 88260.82029740215512, 102525.812528749316698 ], [ 88276.153519244035124, 102520.249142305052374 ] ] ] ] } },
{ "type": "Feature", "properties": { "OBJECTID": 521, "AREA": 504908.0, "PERIMETER": 4734.05, "BAR_": 522, "BAR_ID": 382, "NOMB_BARR": "TIMIZA", "BAR_COD": "004512", "FORMA": 98, "COD_ZONA": "S", "COD_LOC": "08", "ACTUALIZ": 0, "Shape_Leng": 4734.0543935599999, "Shape_Area": 504908.18626300001 }, "geometry": { "type": "MultiPolygon", "coordinates": [ [ [ [ 91856.578124751540599, 101960.007792222721037 ], [ 91852.515596747747622, 101957.132784218818415 ], [ 91756.851532658707583, 101880.249968148680637 ], [ 91756.226572657978977, 101879.750000146756065 ], [ 91753.492172653670423, 101877.546864145202562 ], [ 91731.812492635261151, 101908.546864175470546 ], [ 91725.750028628957807, 101914.476592180755688 ], [ 91694.046860599948559, 101957.312496220736648 ], [ 91677.8359165842121, 101969.296880230831448 ], [ 91646.992204555805074, 101980.906224240738084 ], [ 91620.367180530040059, 101990.656240249940311 ], [ 91609.296844520649756, 101993.15627225296339 ], [ 91594.398412505834131, 101999.999984259644407 ], [ 91578.015628491193638, 102006.75780826540722 ], [ 91556.890636471158359, 102016.343728275678586 ], [ 91531.984396448009647, 102025.50782428275852 ], [ 91503.539084422343876, 102035.34372829287895 ], [ 91478.03905239852611, 102046.093744302983396 ], [ 91460.531276381938369, 102049.867184306815034 ], [ 91442.374988366005709, 102049.64062430478225 ], [ 91421.39841234483174, 102046.492208303214284 ], [ 91379.804684306305717, 102038.773424295141012 ], [ 91348.304716276339605, 102032.046896290208679 ], [ 91316.828108247122145, 102028.992176286614267 ], [ 91288.125004222340067, 102023.61720028120908 ], [ 91257.843724192280206, 102017.656240276599419 ], [ 91228.601548165461281, 102012.882800271880114 ], [ 91212.632844151812606, 102006.312496265090886 ], [ 91201.624972141085891, 101999.999984259644407 ], [ 91186.55470012735168, 101988.007792248070473 ], [ 91148.14842809124093, 101952.882800215360476 ], [ 91127.132812071460648, 101935.812528199807275 ], [ 91101.531276048146538, 101916.45310418101144 ], [ 91060.203148008033168, 101880.023408148874296 ], [ 91000.000011953990906, 101831.09374410174496 ], [ 90963.703115919954143, 101806.546864078714862 ], [ 90937.968779894115869, 101795.476592068604077 ], [ 90892.257803853150108, 101777.289072051120456 ], [ 90874.835915837495122, 101770.351536045665853 ], [ 90860.593739822041243, 101766.187504042405635 ], [ 90717.804683689420926, 101969.968752230954124 ], [ 90703.992203677946236, 101962.140656224131817 ], [ 90573.835915556206601, 101917.562480182168656 ], [ 90498.675050618941896, 102073.045575631389511 ], [ 90497.156235483576893, 102076.187504329631338 ], [ 90522.85940350938472, 102083.117168336524628 ], [ 90567.757835551339667, 102098.078128351495252 ], [ 90665.406219642143697, 102130.632816381039447 ], [ 90841.753101400914602, 102163.560933939486858 ], [ 91000.000011953990906, 102193.109360439018928 ], [ 91027.838812665097066, 102198.561316733757849 ], [ 91061.593740010604961, 102205.171888450044207 ], [ 91104.968780049690395, 102212.179696457867976 ], [ 91111.307466202502837, 102212.762354451726424 ], [ 91137.945292082440574, 102215.210928459913703 ], [ 91165.046860105649102, 102220.046896464802558 ], [ 91181.524209457609686, 102224.169151864072774 ], [ 91198.0234361376788, 102228.296880471898476 ], [ 91257.140620192833012, 102238.56248048155976 ], [ 91290.015628223889507, 102244.640624487932655 ], [ 91352.101580280199414, 102256.132784498302499 ], [ 91451.13281237357296, 102273.656240514945239 ], [ 91590.22657250330667, 102296.671856536529958 ], [ 91641.414092550650821, 102308.726576546061551 ], [ 91648.109388556258637, 102309.570288547314703 ], [ 91708.125004613553756, 102317.101552554187947 ], [ 91746.102816877202713, 102322.608795580628794 ], [ 91749.554700650201994, 102323.109360561109497 ], [ 91873.47655676593422, 102344.249968579708366 ], [ 91995.289036879592459, 102365.070320600527339 ], [ 92098.296844976532157, 102387.976560621842509 ], [ 92136.072060429680278, 102398.102651582186809 ], [ 92183.356954216171289, 102410.777923711473704 ], [ 92196.484365066411556, 102414.296880644658813 ], [ 92300.203149163586204, 102441.296880671317922 ], [ 92368.657804276590468, 102461.81076561944792 ], [ 92380.89063723909203, 102465.476592692735721 ], [ 92408.401415900938446, 102472.628697958367411 ], [ 92463.320333315074095, 102486.906224712001858 ], [ 92500.000013349272194, 102499.999984725480317 ], [ 92548.94529339496512, 102514.476592739316402 ], [ 92438.179661291360389, 102429.703152659960324 ], [ 92241.039053109037923, 102266.398448507272406 ], [ 92224.390605092266924, 102253.351536496120389 ], [ 92120.789068996149581, 102170.640624418738298 ], [ 91993.929676878571627, 102067.578096323137288 ], [ 91913.062476803359459, 101999.999984259644407 ], [ 91859.312524753622711, 101961.937520224382752 ], [ 91856.998723510056152, 101960.304618292662781 ], [ 91856.578124751540599, 101960.007792222721037 ] ] ] ] } },
{ "type": "Feature", "properties": { "OBJECTID": 522, "AREA": 944747.0, "PERIMETER": 4972.8, "BAR_": 523, "BAR_ID": 383, "NOMB_BARR": "PROVIVIENDA", "BAR_COD": "004504", "FORMA": 96, "COD_ZONA": "S", "COD_LOC": "08", "ACTUALIZ": 0, "Shape_Leng": 4972.8021996699999, "Shape_Area": 944724.85184500006 }, "geometry": { "type": "MultiPolygon", "coordinates": [ [ [ [ 93251.171854050073307, 102350.34372858684219 ], [ 93309.008282666705782, 102282.360806049313396 ], [ 93414.04615324534825, 102158.895689173223218 ], [ 93549.226574327316484, 101999.999984259644407 ], [ 93571.156238347786712, 101975.031280235634767 ], [ 93679.512990405390156, 101844.102594164651236 ], [ 93686.406222453937517, 101835.773424106984749 ], [ 93690.594756684658932, 101832.250992229310214 ], [ 93791.43799862996093, 101747.444845165431616 ], [ 93811.039054569904692, 101730.960944008707884 ], [ 93898.686944902889081, 101682.040917089499999 ], [ 93932.843726684281137, 101662.976559945716872 ], [ 93946.197328595837462, 101653.658867066114908 ], [ 94000.000014746794477, 101616.117167902775691 ], [ 94001.578126748325303, 101615.023407900152961 ], [ 94126.968718865333358, 101542.953135834846762 ], [ 94200.695310934621375, 101499.8906077935535 ], [ 94239.976590970603866, 101475.562479771047947 ], [ 94280.264338598921313, 101446.736422908375971 ], [ 94278.157751045975601, 101440.259899568365654 ], [ 94278.153090007355786, 101440.249721775922808 ], [ 94000.000014746794477, 101347.656239652467775 ], [ 93768.367182531772414, 101250.773423562000971 ], [ 93427.460942213758244, 101111.531247431179509 ], [ 93411.804686198622221, 101105.132783425535308 ], [ 93356.56251014827285, 101072.492207395058358 ], [ 93323.914062117022695, 101052.406255376758054 ], [ 93284.078094080454321, 101039.656239364834619 ], [ 93292.101582087023417, 101078.999983401692589 ], [ 93281.242190076663974, 101076.492207398681785 ], [ 93251.148430050030584, 101066.460911391026457 ], [ 93226.078094025739119, 101054.75780737939931 ], [ 93215.27342201625288, 101068.078127392669558 ], [ 93217.718734018388204, 101070.79684739469667 ], [ 93269.835918067212333, 101132.843759452429367 ], [ 93309.539086103453883, 101172.539055487897713 ], [ 93369.101582158938982, 101204.796847518198774 ], [ 93356.695310148585122, 101227.132783540393575 ], [ 93334.359374126390321, 101249.468719560361933 ], [ 93309.539086103453883, 101237.062511549287592 ], [ 93249.984398049477022, 101204.796847518198774 ], [ 93175.531277978472644, 101170.06251148643787 ], [ 93113.492173922248185, 101135.312495454607415 ], [ 93021.671885836462025, 101108.023407427986967 ], [ 92984.445325800959836, 101112.976559432412614 ], [ 92847.960909672998241, 101127.882799446495483 ], [ 92841.031245668331394, 101130.640623450861312 ], [ 92853.210957678878913, 101157.710959474730771 ], [ 92879.117197702929843, 101226.757807539499481 ], [ 92901.562509723153198, 101304.023407612039591 ], [ 92910.281229732834618, 101359.890607662411639 ], [ 92941.960909762507072, 101629.257839913407224 ], [ 92955.601549775077729, 101699.796847979509039 ], [ 93001.71873381624755, 101971.148464233774575 ], [ 93011.367181826673914, 101999.999984259644407 ], [ 93059.882829872105503, 102234.046896477462724 ], [ 93112.648461920995032, 102432.6718566618365 ], [ 93126.882681453513214, 102474.48243850277504 ], [ 93132.218765939542209, 102490.156272716078092 ], [ 93251.171854050073307, 102350.34372858684219 ] ] ] ] } },
{ "type": "Feature", "properties": { "OBJECTID": 523, "AREA": 230467.0, "PERIMETER": 2084.59, "BAR_": 524, "BAR_ID": 24, "NOMB_BARR": "CASABLANCA", "BAR_COD": "004537", "FORMA": 93, "COD_ZONA": "S", "COD_LOC": "08", "ACTUALIZ": 2000, "Shape_Leng": 2084.5912787699999, "Shape_Area": 230466.51871800001 }, "geometry": { "type": "MultiPolygon", "coordinates": [ [ [ [ 89599.960906649095705, 101907.476592174411053 ], [ 89545.99220259883441, 101897.601584164178348 ], [ 89462.203146521846065, 101889.460912155846017 ], [ 89425.249994486235664, 101893.039088160701795 ], [ 89398.234378461027518, 101898.851568164929631 ], [ 89366.757834431104129, 101909.609392174315872 ], [ 89332.343754399335012, 101928.093744191748556 ], [ 89227.976586303600925, 102001.179696260252967 ], [ 89211.483900528080994, 102021.556118423090084 ], [ 89211.156234286405379, 102021.960944280959666 ], [ 89210.601546285834047, 102022.640624280349584 ], [ 89791.085962826720788, 102443.5234406729287 ], [ 89834.73455333270249, 102480.361122421192704 ], [ 89843.406218875999912, 102487.679664713112288 ], [ 90037.718731056025717, 102223.046896467509214 ], [ 89728.445322769810446, 101999.999984259644407 ], [ 89603.278842773870565, 101909.865883531572763 ], [ 89599.960906649095705, 101907.476592174411053 ] ] ] ] } },
{ "type": "Feature", "properties": { "OBJECTID": 526, "AREA": 340389.0, "PERIMETER": 2759.98, "BAR_": 527, "BAR_ID": 395, "NOMB_BARR": "PROVIVIENDA NORTE", "BAR_COD": "004310", "FORMA": 97, "COD_ZONA": "S", "COD_LOC": "16", "ACTUALIZ": 0, "Shape_Leng": 2759.9781433200001, "Shape_Area": 1264.72991682 }, "geometry": { "type": "MultiPolygon", "coordinates": [ [ [ [ 94316.846186555048916, 101548.332656615923042 ], [ 94321.406223046389641, 101564.593775854649721 ], [ 94342.132815065502655, 101633.468719918993884 ], [ 94431.499983149871696, 101910.52344017723226 ], [ 94439.624975155937136, 101934.421872197970515 ], [ 94440.742159156376147, 101940.523440204386134 ], [ 94457.998371105102706, 101992.744474850129336 ], [ 94337.745250585168833, 101601.938471389410552 ], [ 94316.846186555048916, 101548.332656615923042 ] ] ] ] } },
{ "type": "Feature", "properties": { "OBJECTID": 527, "AREA": 719978.0, "PERIMETER": 3768.18, "BAR_": 528, "BAR_ID": 386, "NOMB_BARR": "PROVIVIENDA ORIENTAL", "BAR_COD": "004503", "FORMA": 96, "COD_ZONA": "S", "COD_LOC": "08", "ACTUALIZ": 0, "Shape_Leng": 3768.1807886900001, "Shape_Area": 718573.14593300002 }, "geometry": { "type": "MultiPolygon", "coordinates": [ [ [ [ 94457.998371105102706, 101992.744474850129336 ], [ 94440.742159156376147, 101940.523440204386134 ], [ 94439.624975155937136, 101934.421872197970515 ], [ 94431.499983149871696, 101910.52344017723226 ], [ 94342.132815065502655, 101633.468719918993884 ], [ 94321.406223046389641, 101564.593775854649721 ], [ 94316.846186555048916, 101548.332656615923042 ], [ 94295.478622436523438, 101493.525145486841211 ], [ 94280.970692102288012, 101448.908046369120711 ], [ 94280.264338598921313, 101446.736422908375971 ], [ 94239.976590970603866, 101475.562479771047947 ], [ 94200.695310934621375, 101499.8906077935535 ], [ 94126.968718865333358, 101542.953135834846762 ], [ 94001.578126748325303, 101615.023407900152961 ], [ 94000.000014746794477, 101616.117167902775691 ], [ 93946.197328595837462, 101653.658867066114908 ], [ 93932.843726684281137, 101662.976559945716872 ], [ 93898.686944902889081, 101682.040917089499999 ], [ 93811.039054569904692, 101730.960944008707884 ], [ 93791.43799862996093, 101747.444845165431616 ], [ 93690.594756684658932, 101832.250992229310214 ], [ 93686.406222453937517, 101835.773424106984749 ], [ 93679.512990405390156, 101844.102594164651236 ], [ 93571.156238347786712, 101975.031280235634767 ], [ 93549.226574327316484, 101999.999984259644407 ], [ 93414.04615324534825, 102158.895689173223218 ], [ 93309.008282666705782, 102282.360806049313396 ], [ 93251.171854050073307, 102350.34372858684219 ], [ 94000.000014746794477, 102390.023408623761497 ], [ 94084.109390825295122, 102394.40625662682578 ], [ 94165.41403090005042, 102401.0937446331518 ], [ 94214.109390947385691, 102403.226544635283062 ], [ 94222.109390954632545, 102403.578096636105329 ], [ 94223.367182954651071, 102403.632816634766641 ], [ 94250.06247898057336, 102411.109360642978572 ], [ 94549.679695258586435, 102418.906224650476361 ], [ 94590.539431310302461, 102423.484626061239396 ], [ 94589.095969251648057, 102418.793530159033253 ], [ 94457.998371105102706, 101992.744474850129336 ] ] ] ] } },
{ "type": "Feature", "properties": { "OBJECTID": 533, "AREA": 254674.0, "PERIMETER": 2171.87, "BAR_": 534, "BAR_ID": 387, "NOMB_BARR": "CLASS", "BAR_COD": "004535", "FORMA": 97, "COD_ZONA": "S", "COD_LOC": "08", "ACTUALIZ": 0, "Shape_Leng": 2171.8698918199998, "Shape_Area": 253789.85431600001 }, "geometry": { "type": "MultiPolygon", "coordinates": [ [ [ [ 89069.460938154195901, 102196.93752044372377 ], [ 89210.601546285834047, 102022.640624280349584 ], [ 89211.156234286405379, 102021.960944280959666 ], [ 89200.686865022900747, 102012.337572707416257 ], [ 89061.080544651675154, 101884.012411855757819 ], [ 89058.669939262312255, 101881.796600112284068 ], [ 88960.171850053360686, 101791.257840064470656 ], [ 88953.99220204752055, 101785.59377605910413 ], [ 88950.804682043613866, 101782.671856058033882 ], [ 88852.85159395429946, 101692.812527973233955 ], [ 88809.98505688206933, 101655.562812807984301 ], [ 88808.314152939914493, 101656.897008530562744 ], [ 88747.429697013969417, 101705.514638007225585 ], [ 88746.59373785329808, 101706.578095985314576 ], [ 88704.015625814645318, 101734.828144012019038 ], [ 88648.744139265429112, 101766.799114379100502 ], [ 88635.53458089857304, 101774.906218548654579 ], [ 88621.409614660107763, 101783.617215076781576 ], [ 88572.394345233144122, 101813.867581235390389 ], [ 88566.058843167455052, 101816.85978751174116 ], [ 88552.906249673294951, 101824.062512096075807 ], [ 88529.505344912206056, 101834.123708473605802 ], [ 88519.129125569816097, 101839.024312769033713 ], [ 88506.606043772990233, 101844.916510316732456 ], [ 88496.304713621924748, 101851.02340812041075 ], [ 88487.156233613408403, 101860.570288129863911 ], [ 88481.187529606584576, 101872.906224140780978 ], [ 88477.601545604673447, 101885.437488152179867 ], [ 88478.000009604904335, 101900.359344167038216 ], [ 88475.81248960189987, 101912.296880177018465 ], [ 88472.531273600005079, 101925.132784189860104 ], [ 88466.96090559483855, 101938.062512201475329 ], [ 88456.218761583295418, 101952.593776214678655 ], [ 88445.468745573190972, 101963.726576224944438 ], [ 88431.804681560577592, 101974.593776236812118 ], [ 88428.84372155868914, 101998.25784025847679 ], [ 88429.187529559523682, 101999.999984259644407 ], [ 88436.890633565315511, 102015.601584273186745 ], [ 88441.954493190569337, 102021.926551210257458 ], [ 88447.131124121966423, 102025.610438841438736 ], [ 88483.615553083698615, 102044.87566647696076 ], [ 88495.30194723670138, 102047.973569402427529 ], [ 88508.226569631849998, 102050.929712307872251 ], [ 88520.172627304782509, 102051.700704388029408 ], [ 88540.038234899082454, 102051.637386142800096 ], [ 88551.71092167191091, 102050.929712307872251 ], [ 88562.511684026132571, 102052.665515374217648 ], [ 88577.279454349918524, 102053.804515505180461 ], [ 88602.115453975944547, 102058.202701442627585 ], [ 88603.590015062945895, 102059.267261677014176 ], [ 88608.781257725160685, 102060.101552314939909 ], [ 88614.898441732351785, 102065.539056320500094 ], [ 88640.039049754559528, 102094.070320346378139 ], [ 88651.685187487091753, 102113.483854680962395 ], [ 88653.428267404189683, 102115.788048915492254 ], [ 88666.311429694644175, 102137.256467940111179 ], [ 88675.556739877501968, 102153.571272688684985 ], [ 88684.203145795530872, 102168.132784416447976 ], [ 88685.045704434378422, 102170.316043922357494 ], [ 88690.647653543244815, 102180.201564700910239 ], [ 88691.502051274175756, 102187.045895075541921 ], [ 88699.148425810446497, 102206.859376451844582 ], [ 88818.046857921595802, 102260.88280050297908 ], [ 88854.054665953444783, 102239.812528483831557 ], [ 88882.593737980816513, 102219.429680464061676 ], [ 88910.445322007290088, 102200.406256446818588 ], [ 88953.249994045734638, 102165.75000041446765 ], [ 88998.093770088322344, 102116.843760367395589 ], [ 89022.968778112131986, 102144.773424395520124 ], [ 89069.460938154195901, 102196.93752044372377 ] ] ] ] } },
{ "type": "Feature", "properties": { "OBJECTID": 536, "AREA": 122739.0, "PERIMETER": 1661.6, "BAR_": 537, "BAR_ID": 3074, "NOMB_BARR": "ARGELIA II", "BAR_COD": "004583", "FORMA": 99, "COD_ZONA": "S", "COD_LOC": "07", "ACTUALIZ": 0, "Shape_Leng": 1661.5900569, "Shape_Area": 26.730391020599999 }, "geometry": { "type": "MultiPolygon", "coordinates": [ [ [ [ 88431.804681560577592, 101974.593776236812118 ], [ 88430.815934875572566, 101973.919338553067064 ], [ 88420.98243930703029, 101982.556098287066561 ], [ 88418.149644202028867, 101988.453329700045288 ], [ 88422.195337552475394, 101982.632816242650733 ], [ 88429.953097559860907, 101976.062512238087947 ], [ 88431.804681560577592, 101974.593776236812118 ] ] ], [ [ [ 88388.367177520616679, 102065.843760321236914 ], [ 88391.131288476462942, 102059.591953188428306 ], [ 88386.49875676028023, 102066.07191579285427 ], [ 88384.385152819537325, 102069.029380082982243 ], [ 88388.367177520616679, 102065.843760321236914 ] ] ], [ [ [ 88303.224601374473423, 102110.623244209680706 ], [ 88310.161977656112867, 102105.157274717959808 ], [ 88308.452452169149183, 102105.767799837427447 ], [ 88303.224601374473423, 102110.623244209680706 ] ] ] ] } },
{ "type": "Feature", "properties": { "OBJECTID": 539, "AREA": 187174.0, "PERIMETER": 2432.28, "BAR_": 540, "BAR_ID": 388, "NOMB_BARR": "TOCAREMA", "BAR_COD": "004565", "FORMA": 98, "COD_ZONA": "S", "COD_LOC": "08", "ACTUALIZ": 0, "Shape_Leng": 2432.2692410099999, "Shape_Area": 187174.07530900001 }, "geometry": { "type": "MultiPolygon", "coordinates": [ [ [ [ 90860.593739822041243, 101766.187504042405635 ], [ 90723.437515695462935, 101726.070320004451787 ], [ 90679.156235654954799, 101719.187503997643944 ], [ 90575.632843557541491, 101691.960943973419489 ], [ 90566.820299549086485, 101696.570287976996042 ], [ 90559.171851542691002, 101696.45310397745925 ], [ 90515.789067501391401, 101678.796847960504238 ], [ 90411.968779404749512, 101633.54686391769792 ], [ 90390.843723385420162, 101625.593775909859687 ], [ 90385.453131381451385, 101624.609391909718397 ], [ 90363.945291359748808, 101620.718767906364519 ], [ 90364.039051361454767, 101683.132783964189002 ], [ 90364.085963360848837, 101724.35153600180638 ], [ 90268.164043271171977, 101726.242160005582264 ], [ 90213.335947219587979, 101723.656240001640981 ], [ 90212.210955219867174, 101827.02340809868474 ], [ 90178.054667187228915, 101795.343728069012286 ], [ 90150.640651161083952, 101753.093744028927176 ], [ 90125.851531138207065, 101720.226543999378919 ], [ 90055.335947072162526, 101814.703152087822673 ], [ 90176.601547186728567, 101907.539056173060089 ], [ 90226.164043233162374, 101946.476592209713999 ], [ 90313.609355314431014, 101987.976560248731403 ], [ 90221.085963226985768, 101975.63281623632065 ], [ 90218.445323224383174, 101995.171888255543308 ], [ 90244.715637412897195, 102007.389853696731734 ], [ 90248.765643253034796, 102009.273456269205781 ], [ 90332.98439533180499, 102021.187504279849236 ], [ 90392.039051386789652, 102036.773424293336575 ], [ 90471.2578034610342, 102069.210928323343978 ], [ 90497.156235483576893, 102076.187504329631338 ], [ 90498.675050618941896, 102073.045575631389511 ], [ 90573.835915556206601, 101917.562480182168656 ], [ 90703.992203677946236, 101962.140656224131817 ], [ 90717.804683689420926, 101969.968752230954124 ], [ 90860.593739822041243, 101766.187504042405635 ] ] ] ] } },
{ "type": "Feature", "properties": { "OBJECTID": 540, "AREA": 403130.0, "PERIMETER": 3658.06, "BAR_": 541, "BAR_ID": 389, "NOMB_BARR": "TIMIZA B", "BAR_COD": "004530", "FORMA": 93, "COD_ZONA": "S", "COD_LOC": "08", "ACTUALIZ": 0, "Shape_Leng": 3658.05944073, "Shape_Area": 403129.42945200001 }, "geometry": { "type": "MultiPolygon", "coordinates": [ [ [ [ 91753.492172653670423, 101877.546864145202562 ], [ 91750.000012650518329, 101874.742192142948625 ], [ 91663.062476570441504, 101802.609392075260985 ], [ 91650.656268559367163, 101791.632816065350198 ], [ 91644.406220552584273, 101786.851568061349099 ], [ 91637.960908546840074, 101782.593776056382922 ], [ 91629.945292538817739, 101782.632816057215678 ], [ 91598.929676509986166, 101785.703152059359127 ], [ 91580.242188492804416, 101787.531248060753569 ], [ 91575.570316489058314, 101787.54686406152905 ], [ 91570.437516484220396, 101784.070320059152436 ], [ 91561.351564475873602, 101774.960944050748367 ], [ 91546.312524461463909, 101759.093744034355041 ], [ 91494.585932414309354, 101779.031280053808587 ], [ 91428.421900352710509, 101802.476592074948712 ], [ 91315.367180247340002, 101780.859376055188477 ], [ 91188.781260128962458, 101674.289071955688996 ], [ 91109.195340055332053, 101607.859375894186087 ], [ 91062.648460012394935, 101566.796847856923705 ], [ 91015.960907968357787, 101536.328111827169778 ], [ 91000.000011953990906, 101522.960943816025974 ], [ 90944.804683901515091, 101485.820335780736059 ], [ 91099.398412044523866, 101217.648431531095412 ], [ 91146.328140089128283, 101148.343727465689881 ], [ 91064.96878001348523, 101101.953135422401829 ], [ 91008.523467960272683, 101128.648431448324118 ], [ 91000.000011953990906, 101133.507823453270248 ], [ 90802.656267769707483, 101246.093743556761183 ], [ 90630.859403609341825, 101342.218735646893037 ], [ 90622.484363601935911, 101353.820335656826501 ], [ 90617.835915596020641, 101513.671855805703672 ], [ 90611.398411591770127, 101590.906223878904711 ], [ 90598.531275579603971, 101636.882799920480466 ], [ 90566.820299549086485, 101696.570287976996042 ], [ 90575.632843557541491, 101691.960943973419489 ], [ 90679.156235654954799, 101719.187503997643944 ], [ 90723.437515695462935, 101726.070320004451787 ], [ 90860.593739822041243, 101766.187504042405635 ], [ 90874.835915837495122, 101770.351536045665853 ], [ 90892.257803853150108, 101777.289072051120456 ], [ 90937.968779894115869, 101795.476592068604077 ], [ 90963.703115919954143, 101806.546864078714862 ], [ 91000.000011953990906, 101831.09374410174496 ], [ 91060.203148008033168, 101880.023408148874296 ], [ 91101.531276048146538, 101916.45310418101144 ], [ 91127.132812071460648, 101935.812528199807275 ], [ 91148.14842809124093, 101952.882800215360476 ], [ 91186.55470012735168, 101988.007792248070473 ], [ 91201.624972141085891, 101999.999984259644407 ], [ 91212.632844151812606, 102006.312496265090886 ], [ 91228.601548165461281, 102012.882800271880114 ], [ 91257.843724192280206, 102017.656240276599419 ], [ 91288.125004222340067, 102023.61720028120908 ], [ 91316.828108247122145, 102028.992176286614267 ], [ 91348.304716276339605, 102032.046896290208679 ], [ 91379.804684306305717, 102038.773424295141012 ], [ 91421.39841234483174, 102046.492208303214284 ], [ 91442.374988366005709, 102049.64062430478225 ], [ 91460.531276381938369, 102049.867184306815034 ], [ 91478.03905239852611, 102046.093744302983396 ], [ 91503.539084422343876, 102035.34372829287895 ], [ 91531.984396448009647, 102025.50782428275852 ], [ 91556.890636471158359, 102016.343728275678586 ], [ 91578.015628491193638, 102006.75780826540722 ], [ 91594.398412505834131, 101999.999984259644407 ], [ 91609.296844520649756, 101993.15627225296339 ], [ 91620.367180530040059, 101990.656240249940311 ], [ 91646.992204555805074, 101980.906224240738084 ], [ 91677.8359165842121, 101969.296880230831448 ], [ 91694.046860599948559, 101957.312496220736648 ], [ 91725.750028628957807, 101914.476592180755688 ], [ 91731.812492635261151, 101908.546864175470546 ], [ 91753.492172653670423, 101877.546864145202562 ] ] ] ] } },
{ "type": "Feature", "properties": { "OBJECTID": 542, "AREA": 341296.0, "PERIMETER": 2657.1, "BAR_": 543, "BAR_ID": 390, "NOMB_BARR": "ROMA", "BAR_COD": "004534", "FORMA": 97, "COD_ZONA": "S", "COD_LOC": "08", "ACTUALIZ": 0, "Shape_Leng": 2657.1147813500002, "Shape_Area": 341294.13204 }, "geometry": { "type": "MultiPolygon", "coordinates": [ [ [ [ 89398.234378461027518, 101898.851568164929631 ], [ 89569.382794621313224, 101807.937520080566173 ], [ 89587.429706636990886, 101798.093744071869878 ], [ 89605.531274654262234, 101784.523440058750566 ], [ 89638.234378684894182, 101762.500016038800823 ], [ 89684.093770726933144, 101726.468720005388604 ], [ 89736.031242776050931, 101674.999983956629876 ], [ 89741.17965878166433, 101668.453103949897923 ], [ 89664.906250708547304, 101607.148463893245207 ], [ 89597.070282646644046, 101553.382831843438908 ], [ 89631.023434677306795, 101510.13278380317206 ], [ 89653.65626669874473, 101480.273455774891772 ], [ 89662.92967470678559, 101468.03908776496246 ], [ 89669.679690713266609, 101459.140655755574699 ], [ 89669.937482714623911, 101458.796847754740156 ], [ 89665.898442710167728, 101454.773423751059454 ], [ 89707.929674749728292, 101398.851567699093721 ], [ 89707.210954749505618, 101397.898415698291501 ], [ 89705.21095474770118, 101395.226543696364388 ], [ 89465.953098524099914, 101239.828143550708774 ], [ 89401.570314463795512, 101198.02340751166048 ], [ 89349.726538417104166, 101161.749999479186954 ], [ 89311.32813837955473, 101254.289071564475307 ], [ 89285.960906356034684, 101314.882799622399034 ], [ 89278.484362350049196, 101332.726575638327631 ], [ 89282.617162353984895, 101335.42187164031202 ], [ 89279.007818349084118, 101342.437487647417584 ], [ 89139.593738220079103, 101613.343727899860824 ], [ 89093.796874178195139, 101582.359343870353769 ], [ 89091.062474176098476, 101586.18750387505861 ], [ 89061.734346146855387, 101627.273455912378267 ], [ 89082.453130166672054, 101642.351535927606164 ], [ 89069.351562153926352, 101662.671855944994604 ], [ 89058.390602144791046, 101656.257839940066333 ], [ 89038.875018127131625, 101677.382831960101612 ], [ 89030.125002118831617, 101671.546863954310538 ], [ 88950.804682043613866, 101782.671856058033882 ], [ 88953.99220204752055, 101785.59377605910413 ], [ 88960.171850053360686, 101791.257840064470656 ], [ 89058.669939262312255, 101881.796600112284068 ], [ 89061.080544651675154, 101884.012411855757819 ], [ 89200.686865022900747, 102012.337572707416257 ], [ 89211.156234286405379, 102021.960944280959666 ], [ 89211.483900528080994, 102021.556118423090084 ], [ 89227.976586303600925, 102001.179696260252967 ], [ 89332.343754399335012, 101928.093744191748556 ], [ 89366.757834431104129, 101909.609392174315872 ], [ 89398.234378461027518, 101898.851568164929631 ] ] ] ] } },
{ "type": "Feature", "properties": { "OBJECTID": 543, "AREA": 347369.0, "PERIMETER": 4163.59, "BAR_": 544, "BAR_ID": 397, "NOMB_BARR": "CATALINA", "BAR_COD": "004545", "FORMA": 97, "COD_ZONA": "S", "COD_LOC": "08", "ACTUALIZ": 0, "Shape_Leng": 4163.5897660500004, "Shape_Area": 347257.36646699999 }, "geometry": { "type": "MultiPolygon", "coordinates": [ [ [ [ 90125.851531138207065, 101720.226543999378919 ], [ 90101.515595116419718, 101685.773423966791597 ], [ 90106.828107120963978, 101604.4531038919813 ], [ 90102.335947116909665, 101161.468719478492858 ], [ 90104.050568228863995, 100949.187133326937328 ], [ 90095.585985084893764, 100944.788083035891759 ], [ 90054.648459073476261, 100925.968751259453711 ], [ 90040.210955059767002, 100917.851567252684617 ], [ 90023.220013552563614, 100906.258935869758716 ], [ 90020.09311083079956, 100905.028006174368784 ], [ 89991.415848008240573, 100900.604781730799004 ], [ 89983.374987005605362, 100899.796847235498717 ], [ 89969.497558610150008, 100900.912067698809551 ], [ 89944.421474756978569, 100903.192871711493353 ], [ 89910.694827982893912, 100894.076019749118132 ], [ 89904.028865178624983, 100891.411421276337933 ], [ 89897.000010924661183, 101186.40625550247205 ], [ 89883.468746912360075, 101505.710959798569093 ], [ 89888.765642918340745, 101505.710959798569093 ], [ 89884.695306915295077, 101521.578095813456457 ], [ 89883.062474912861944, 101597.281263884506188 ], [ 89873.093770902429242, 101588.53124787620618 ], [ 89843.382794875957188, 101583.453103870750056 ], [ 89825.476554859153111, 101579.382831866969354 ], [ 89801.875018837643438, 101560.851567850157153 ], [ 89774.046858811227139, 101508.023407801098074 ], [ 89760.890634799099644, 101508.539055800851202 ], [ 89760.187530797426007, 101497.468719791475451 ], [ 89752.070282791362843, 101482.078127776228939 ], [ 89741.781258781644283, 101462.656239758769516 ], [ 89738.351562777155777, 101437.507823735053535 ], [ 89733.781258774397429, 101424.937519725062884 ], [ 89715.49997875741974, 101408.953135709132766 ], [ 89707.929674749728292, 101398.851567699093721 ], [ 89665.898442710167728, 101454.773423751059454 ], [ 89669.937482714623911, 101458.796847754740156 ], [ 89669.679690713266609, 101459.140655755574699 ], [ 89662.92967470678559, 101468.03908776496246 ], [ 89653.65626669874473, 101480.273455774891772 ], [ 89631.023434677306795, 101510.13278380317206 ], [ 89597.070282646644046, 101553.382831843438908 ], [ 89664.906250708547304, 101607.148463893245207 ], [ 89741.17965878166433, 101668.453103949897923 ], [ 89736.031242776050931, 101674.999983956629876 ], [ 89684.093770726933144, 101726.468720005388604 ], [ 89638.234378684894182, 101762.500016038800823 ], [ 89605.531274654262234, 101784.523440058750566 ], [ 89587.429706636990886, 101798.093744071869878 ], [ 89569.382794621313224, 101807.937520080566173 ], [ 89398.234378461027518, 101898.851568164929631 ], [ 89425.249994486235664, 101893.039088160701795 ], [ 89462.203146521846065, 101889.460912155846017 ], [ 89545.99220259883441, 101897.601584164178348 ], [ 89599.960906649095705, 101907.476592174411053 ], [ 89949.953098975456669, 101956.500016218808014 ], [ 90159.695307170826709, 101986.992176246392773 ], [ 90218.445323224383174, 101995.171888255543308 ], [ 90221.085963226985768, 101975.63281623632065 ], [ 90313.609355314431014, 101987.976560248731403 ], [ 90226.164043233162374, 101946.476592209713999 ], [ 90176.601547186728567, 101907.539056173060089 ], [ 90055.335947072162526, 101814.703152087822673 ], [ 90125.851531138207065, 101720.226543999378919 ] ] ] ] } },
{ "type": "Feature", "properties": { "OBJECTID": 545, "AREA": 488965.0, "PERIMETER": 3559.97, "BAR_": 546, "BAR_ID": 687, "NOMB_BARR": "BOSA", "BAR_COD": "004522", "FORMA": 99, "COD_ZONA": "S", "COD_LOC": "07", "ACTUALIZ": 0, "Shape_Leng": 3559.9596801100001, "Shape_Area": 337.06934382100002 }, "geometry": { "type": "MultiPolygon", "coordinates": [ [ [ [ 88746.59373785329808, 101706.578095985314576 ], [ 88747.429697013969417, 101705.514638007225585 ], [ 88744.533666757284664, 101707.82718435159768 ], [ 88722.338449745278922, 101721.632067553655361 ], [ 88648.744139265429112, 101766.799114379100502 ], [ 88704.015625814645318, 101734.828144012019038 ], [ 88746.59373785329808, 101706.578095985314576 ] ] ], [ [ [ 88552.906249673294951, 101824.062512096075807 ], [ 88566.058843167455052, 101816.85978751174116 ], [ 88529.505344912206056, 101834.123708473605802 ], [ 88552.906249673294951, 101824.062512096075807 ] ] ], [ [ [ 88496.304713621924748, 101851.02340812041075 ], [ 88506.606043772990233, 101844.916510316732456 ], [ 88493.973145359545015, 101850.860377349075861 ], [ 88483.61378400841204, 101862.704246226843679 ], [ 88477.699997985881055, 101879.469857740274165 ], [ 88476.215821582489298, 101894.758953685683082 ], [ 88475.231528387812432, 101910.548053424165118 ], [ 88472.270650395206758, 101921.383873830651282 ], [ 88467.341139192983974, 101933.235445131664164 ], [ 88457.474097514990717, 101949.508967662666691 ], [ 88441.200882893754169, 101964.798238100251183 ], [ 88430.815934875572566, 101973.919338553067064 ], [ 88431.804681560577592, 101974.593776236812118 ], [ 88445.468745573190972, 101963.726576224944438 ], [ 88456.218761583295418, 101952.593776214678655 ], [ 88466.96090559483855, 101938.062512201475329 ], [ 88472.531273600005079, 101925.132784189860104 ], [ 88475.81248960189987, 101912.296880177018465 ], [ 88478.000009604904335, 101900.359344167038216 ], [ 88477.601545604673447, 101885.437488152179867 ], [ 88481.187529606584576, 101872.906224140780978 ], [ 88487.156233613408403, 101860.570288129863911 ], [ 88496.304713621924748, 101851.02340812041075 ] ] ] ] } },
{ "type": "Feature", "properties": { "OBJECTID": 547, "AREA": 708936.0, "PERIMETER": 3787.71, "BAR_": 548, "BAR_ID": 398, "NOMB_BARR": "TIMIZA A", "BAR_COD": "004518", "FORMA": 93, "COD_ZONA": "S", "COD_LOC": "08", "ACTUALIZ": 0, "Shape_Leng": 3787.6954014299999, "Shape_Area": 708934.61455199996 }, "geometry": { "type": "MultiPolygon", "coordinates": [ [ [ [ 92169.921869043027982, 101501.562479794578394 ], [ 92187.35631212957378, 101474.165144952363335 ], [ 92221.421901090390747, 101420.632815720702638 ], [ 92312.051465321710566, 101294.605144549277611 ], [ 92348.476557209141902, 101243.953135555362678 ], [ 92347.806685677103815, 101243.628646213255706 ], [ 92142.328141017176677, 101144.093743462231942 ], [ 92167.382797039186698, 101083.156271404965082 ], [ 92140.632781014603097, 101063.937519387240172 ], [ 92129.789069004298653, 101060.726575385502656 ], [ 92000.374988884330378, 101058.460911383779603 ], [ 91988.031244874131517, 101060.773423385602655 ], [ 91970.281228857696988, 101068.476591392885894 ], [ 91955.624972843448631, 101078.523439402051736 ], [ 91947.914060836163117, 101086.226543407829013 ], [ 91937.109388826691429, 101094.718767416998162 ], [ 91813.671884709881851, 101138.703151458263164 ], [ 91818.296844714233885, 101151.796847470235662 ], [ 91788.984396687272238, 101164.156271480489522 ], [ 91761.98439666282502, 101186.523439502008841 ], [ 91756.578124656589353, 101195.781231511500664 ], [ 91749.640652650414268, 101205.039087520272005 ], [ 91738.83591664164851, 101212.757807526839315 ], [ 91649.343756558460882, 101181.898415498362738 ], [ 91525.906252441651304, 101203.500015517347492 ], [ 91502.499980421343935, 101206.27345552026236 ], [ 91426.414092349412385, 101215.27345552839688 ], [ 91227.382796164034517, 101226.27345553835039 ], [ 91194.257804133128957, 101176.960943494006642 ], [ 91162.820300104038324, 101158.187503476598067 ], [ 91146.328140089128283, 101148.343727465689881 ], [ 91099.398412044523866, 101217.648431531095412 ], [ 90944.804683901515091, 101485.820335780736059 ], [ 91000.000011953990906, 101522.960943816025974 ], [ 91015.960907968357787, 101536.328111827169778 ], [ 91062.648460012394935, 101566.796847856923705 ], [ 91109.195340055332053, 101607.859375894186087 ], [ 91188.781260128962458, 101674.289071955688996 ], [ 91315.367180247340002, 101780.859376055188477 ], [ 91428.421900352710509, 101802.476592074948712 ], [ 91494.585932414309354, 101779.031280053808587 ], [ 91546.312524461463909, 101759.093744034355041 ], [ 91561.351564475873602, 101774.960944050748367 ], [ 91570.437516484220396, 101784.070320059152436 ], [ 91575.570316489058314, 101787.54686406152905 ], [ 91580.242188492804416, 101787.531248060753569 ], [ 91598.929676509986166, 101785.703152059359127 ], [ 91629.945292538817739, 101782.632816057215678 ], [ 91637.960908546840074, 101782.593776056382922 ], [ 91644.406220552584273, 101786.851568061349099 ], [ 91650.656268559367163, 101791.632816065350198 ], [ 91663.062476570441504, 101802.609392075260985 ], [ 91750.000012650518329, 101874.742192142948625 ], [ 91753.492172653670423, 101877.546864145202562 ], [ 91756.226572657978977, 101879.750000146756065 ], [ 91756.851532658707583, 101880.249968148680637 ], [ 91852.515596747747622, 101957.132784218818415 ], [ 91856.578124751540599, 101960.007792222721037 ], [ 91904.281228795734933, 101888.906224155260134 ], [ 91959.289036847010721, 101809.406256081842002 ], [ 91983.975876922704629, 101779.548126978668733 ], [ 91998.85940488295455, 101761.546864037984051 ], [ 92030.109388913071598, 101715.453103994659614 ], [ 92060.585932939880877, 101668.28907195024658 ], [ 92106.296844983764458, 101601.531247887964128 ], [ 92109.195340987003874, 101596.976559883769369 ], [ 92169.921869043027982, 101501.562479794578394 ] ] ] ] } },
{ "type": "Feature", "properties": { "OBJECTID": 550, "AREA": 447057.0, "PERIMETER": 3756.01, "BAR_": 551, "BAR_ID": 400, "NOMB_BARR": "JAQUELINE", "BAR_COD": "004517", "FORMA": 98, "COD_ZONA": "S", "COD_LOC": "08", "ACTUALIZ": 0, "Shape_Leng": 3756.0054276000001, "Shape_Area": 408212.18189800001 }, "geometry": { "type": "MultiPolygon", "coordinates": [ [ [ [ 90566.820299549086485, 101696.570287976996042 ], [ 90598.531275579603971, 101636.882799920480466 ], [ 90611.398411591770127, 101590.906223878904711 ], [ 90617.835915596020641, 101513.671855805703672 ], [ 90622.484363601935911, 101353.820335656826501 ], [ 90630.859403609341825, 101342.218735646893037 ], [ 90802.656267769707483, 101246.093743556761183 ], [ 91000.000011953990906, 101133.507823453270248 ], [ 91008.523467960272683, 101128.648431448324118 ], [ 91064.96878001348523, 101101.953135422401829 ], [ 91000.000011953990906, 101018.578095344899339 ], [ 90977.648459933247068, 100989.898415317933541 ], [ 90973.03178314701654, 100986.420079017902026 ], [ 90942.349609696815605, 101005.003495219047181 ], [ 90897.592011777102016, 101025.042803326214198 ], [ 90634.952765221634763, 101092.61549666665087 ], [ 90590.343554674953339, 101100.561158511336544 ], [ 90548.406261512936908, 101112.413198247988475 ], [ 90497.351652983066742, 101118.79636027039669 ], [ 90489.93450342300639, 101117.560255180331296 ], [ 90482.30471547038178, 101117.242159436660586 ], [ 90459.742219450607081, 101109.117167430609697 ], [ 90457.168129851474077, 101107.869635054550599 ], [ 90454.508117171237245, 101106.953119754267391 ], [ 90425.279318370041437, 101092.480112881603418 ], [ 90383.960907378626871, 101073.031279397095204 ], [ 90352.384743358823471, 101057.988472347744391 ], [ 90315.015552382013993, 101046.774982567003462 ], [ 90291.31251088353747, 101043.134457857755478 ], [ 90287.336365507057053, 101041.654854007108952 ], [ 90279.304715282210964, 101040.54686336548184 ], [ 90256.742219260224374, 101032.429679358698195 ], [ 90237.338147559130448, 101021.380367801699322 ], [ 90222.031168349727523, 101013.955551780643873 ], [ 90108.523032126147882, 100951.511476213476271 ], [ 90104.050568228863995, 100949.187133326937328 ], [ 90102.335947116909665, 101161.468719478492858 ], [ 90106.828107120963978, 101604.4531038919813 ], [ 90101.515595116419718, 101685.773423966791597 ], [ 90125.851531138207065, 101720.226543999378919 ], [ 90150.640651161083952, 101753.093744028927176 ], [ 90178.054667187228915, 101795.343728069012286 ], [ 90212.210955219867174, 101827.02340809868474 ], [ 90213.335947219587979, 101723.656240001640981 ], [ 90268.164043271171977, 101726.242160005582264 ], [ 90364.085963360848837, 101724.35153600180638 ], [ 90364.039051361454767, 101683.132783964189002 ], [ 90363.945291359748808, 101620.718767906364519 ], [ 90385.453131381451385, 101624.609391909718397 ], [ 90390.843723385420162, 101625.593775909859687 ], [ 90411.968779404749512, 101633.54686391769792 ], [ 90515.789067501391401, 101678.796847960504238 ], [ 90559.171851542691002, 101696.45310397745925 ], [ 90566.820299549086485, 101696.570287976996042 ] ] ] ] } },
{ "type": "Feature", "properties": { "OBJECTID": 552, "AREA": 165620.0, "PERIMETER": 1918.8, "BAR_": 553, "BAR_ID": 402, "NOMB_BARR": "EL RUBI", "BAR_COD": "004536", "FORMA": 98, "COD_ZONA": "S", "COD_LOC": "08", "ACTUALIZ": 0, "Shape_Leng": 1918.8085972, "Shape_Area": 163039.72546300001 }, "geometry": { "type": "MultiPolygon", "coordinates": [ [ [ [ 89285.960906356034684, 101314.882799622399034 ], [ 89233.24999430803291, 101279.671855589476763 ], [ 89218.273418294498697, 101270.406255580717698 ], [ 89199.125002276225132, 101256.203119566067471 ], [ 89192.796874270017724, 101248.179695558777894 ], [ 89154.742218234023312, 101220.539055533547071 ], [ 88960.062474053105689, 101134.390639452409232 ], [ 88915.820298012709827, 101122.976559443690348 ], [ 88915.771112717877259, 101123.639381449611392 ], [ 88917.277580879454035, 101124.436375295656035 ], [ 88915.684009401549702, 101138.233234471699689 ], [ 88915.727603154155076, 101139.258695682830876 ], [ 88918.429706013761461, 101159.898415476229275 ], [ 88919.671882015245501, 101171.382831488837837 ], [ 88919.984394015249563, 101187.843759502196917 ], [ 88918.429706013761461, 101199.007791514013661 ], [ 88914.668672910440364, 101207.319159657097771 ], [ 88907.044215943737072, 101224.662675305138691 ], [ 88892.349142883031163, 101241.951892207769561 ], [ 88879.571887351732585, 101258.27824186279031 ], [ 88878.078153976734029, 101260.468719570315443 ], [ 88872.804681970796082, 101273.812527582922485 ], [ 88868.397859549397253, 101289.228050686360803 ], [ 88865.560784110974055, 101311.95211742950778 ], [ 88868.146921243693214, 101332.694206738000503 ], [ 88872.475151062608347, 101349.983150300031411 ], [ 88880.09928386255342, 101365.782610108391964 ], [ 88887.390601985593094, 101377.492207679984858 ], [ 88890.776360407675384, 101380.981839788059006 ], [ 88904.452115757463616, 101394.06077819839993 ], [ 88905.681498376536183, 101395.768046586934361 ], [ 88913.460938010786776, 101403.250031702933484 ], [ 88922.773450018939911, 101417.531247717008227 ], [ 88927.429706021910533, 101428.703151727386285 ], [ 88931.156234026348102, 101441.132783738503349 ], [ 88930.539082024886739, 101459.437487755523762 ], [ 88929.296906023402698, 101472.468719768847222 ], [ 88926.499978021151037, 101484.273455778515199 ], [ 88922.156234018199029, 101496.687471791083226 ], [ 88921.69242321208003, 101497.795436524174875 ], [ 88920.874979618543875, 101500.365145355113782 ], [ 88920.033814282214735, 101501.757569725712528 ], [ 88916.570314011536539, 101510.031279803690268 ], [ 88911.184834767162101, 101516.405741969414521 ], [ 88843.087317167213769, 101629.131075499928556 ], [ 88809.98505688206933, 101655.562812807984301 ], [ 88852.85159395429946, 101692.812527973233955 ], [ 88950.804682043613866, 101782.671856058033882 ], [ 89030.125002118831617, 101671.546863954310538 ], [ 89038.875018127131625, 101677.382831960101612 ], [ 89058.390602144791046, 101656.257839940066333 ], [ 89069.351562153926352, 101662.671855944994604 ], [ 89082.453130166672054, 101642.351535927606164 ], [ 89061.734346146855387, 101627.273455912378267 ], [ 89091.062474176098476, 101586.18750387505861 ], [ 89093.796874178195139, 101582.359343870353769 ], [ 89139.593738220079103, 101613.343727899860824 ], [ 89279.007818349084118, 101342.437487647417584 ], [ 89282.617162353984895, 101335.42187164031202 ], [ 89278.484362350049196, 101332.726575638327631 ], [ 89285.960906356034684, 101314.882799622399034 ] ] ] ] } },
{ "type": "Feature", "properties": { "OBJECTID": 556, "AREA": 383832.0, "PERIMETER": 3244.79, "BAR_": 557, "BAR_ID": 403, "NOMB_BARR": "LA CAMPINA", "BAR_COD": "004506", "FORMA": 97, "COD_ZONA": "S", "COD_LOC": "08", "ACTUALIZ": 0, "Shape_Leng": 3244.7922209799999, "Shape_Area": 383830.159369 }, "geometry": { "type": "MultiPolygon", "coordinates": [ [ [ [ 92841.031245668331394, 101130.640623450861312 ], [ 92819.632781646883814, 101076.632815400487743 ], [ 92745.99220557929948, 100869.851567207020707 ], [ 92726.773453561589122, 100822.679663164060912 ], [ 92719.890637554781279, 100805.79684714821633 ], [ 92696.656269532672013, 100785.773423127830029 ], [ 92670.828109508060152, 100764.773423108825227 ], [ 92645.750029486007406, 100752.570287098220433 ], [ 92568.093773412532755, 100725.968751074018655 ], [ 92440.031245294303517, 100673.226543022945407 ], [ 92318.859405181443435, 100627.523438980555511 ], [ 92354.656269214276108, 100770.703151114110369 ], [ 92443.031245297024725, 101112.476591432714486 ], [ 92348.476557209141902, 101243.953135555362678 ], [ 92312.051465321710566, 101294.605144549277611 ], [ 92221.421901090390747, 101420.632815720702638 ], [ 92187.35631212957378, 101474.165144952363335 ], [ 92169.921869043027982, 101501.562479794578394 ], [ 92328.617165190633386, 101665.953135948380805 ], [ 92330.210957192233764, 101664.289071946637705 ], [ 92411.648461266580853, 101587.296879876230378 ], [ 92566.320333412731998, 101750.65624002830009 ], [ 92583.054669428209309, 101725.546864003190421 ], [ 92611.125005452995538, 101697.492207978473743 ], [ 92666.343757505514077, 101644.976559929433279 ], [ 92704.367181539957528, 101606.96094389425707 ], [ 92734.242189568292815, 101578.898415866540745 ], [ 92761.398413593095029, 101553.546863843075698 ], [ 92793.085965623540687, 101522.773423814825946 ], [ 92740.578125573782017, 101472.070319767910405 ], [ 92675.398413513030391, 101405.976559706468834 ], [ 92637.37498947858694, 101360.718767664395273 ], [ 92664.531277502683224, 101332.656239638890838 ], [ 92668.648461508055334, 101278.046895587845938 ], [ 92666.195341504426324, 101218.500015530909877 ], [ 92659.351565498451237, 101204.796847518198774 ], [ 92706.507789541356033, 101182.468719497497659 ], [ 92748.695309580565663, 101165.093743481236743 ], [ 92823.140621650076355, 101137.796847457560943 ], [ 92841.031245668331394, 101130.640623450861312 ] ] ] ] } },
{ "type": "Feature", "properties": { "OBJECTID": 599, "AREA": 832452.0, "PERIMETER": 4061.38, "BAR_": 600, "BAR_ID": 438, "NOMB_BARR": "DELICIAS", "BAR_COD": "004544", "FORMA": 97, "COD_ZONA": "S", "COD_LOC": "08", "ACTUALIZ": 0, "Shape_Leng": 4061.3836302499999, "Shape_Area": 832044.23413700005 }, "geometry": { "type": "MultiPolygon", "coordinates": [ [ [ [ 93280.367182076792233, 99862.195310269657057 ], [ 93155.36718195922731, 99886.789038290560711 ], [ 92991.789069808844943, 99910.656238314200891 ], [ 92947.689972218155162, 99912.176910002017394 ], [ 92946.584106706024613, 99912.299795738974353 ], [ 92946.150208323088009, 99912.315869801765075 ], [ 92881.218765705722035, 99919.078126321706804 ], [ 92798.023437627911335, 99920.132782321990817 ], [ 92687.468749525549356, 99914.085934316462954 ], [ 92606.015629448200343, 99904.335918307260727 ], [ 92566.343757412789273, 99898.367214302663342 ], [ 92523.523469371342799, 99892.054702297231415 ], [ 92490.875021342319087, 99886.789038290560711 ], [ 92471.460941324126907, 99887.062510291973012 ], [ 92429.906253284221748, 99880.835950286738807 ], [ 92360.445325220673112, 99872.203118277990143 ], [ 92300.015629164612619, 99872.203118277990143 ], [ 92196.382797067650245, 99886.15627029055031 ], [ 92037.281228918320267, 99903.671854306419846 ], [ 91973.289036859685439, 99911.046894315135432 ], [ 91971.595835300438921, 99930.497555370806367 ], [ 91975.235258348839125, 99930.972963691441691 ], [ 91981.860354834236205, 99932.582315397550701 ], [ 91987.64934607926989, 99936.449429501182749 ], [ 91990.360307961702347, 99942.707066243310692 ], [ 91992.196414133883081, 99949.269591063275584 ], [ 91993.133797484348179, 99956.01963021660049 ], [ 91993.157360598692321, 99962.839920591679402 ], [ 91992.258999556768686, 99969.59771147245192 ], [ 91990.454477205552394, 99976.167995878422516 ], [ 91989.953100875005475, 99977.345231347804656 ], [ 91989.953100875005475, 99984.718766383550246 ], [ 91983.632780868065311, 99996.945326394212316 ], [ 91977.7343488636252, 100006.632814403244993 ], [ 91968.039052855310729, 100018.859374413907062 ], [ 91961.296844848096953, 100028.546862422954291 ], [ 91957.07815684324305, 100038.242158433480654 ], [ 91954.97658884266275, 100050.890606444416335 ], [ 91952.023436840056092, 100060.999982453737175 ], [ 91940.226572828934877, 100074.906222466917825 ], [ 91928.843724817314069, 100083.757806473964592 ], [ 91914.515596803859808, 100090.929710480733775 ], [ 91901.875020793711883, 100095.140654485599953 ], [ 91901.788376492550015, 100095.234384599491023 ], [ 91893.807458749957732, 100118.731044875734369 ], [ 91893.771619095467031, 100118.780187031865353 ], [ 91893.445324784712284, 100122.531246511687641 ], [ 91891.757836782911909, 100139.812526527763112 ], [ 91889.648460780837922, 100149.929710536351195 ], [ 91877.687500770800398, 100158.828142545724404 ], [ 91864.781260758521967, 100163.843758548813639 ], [ 91849.94529274458182, 100165.007790551579092 ], [ 91828.539084725372959, 100187.859374571300577 ], [ 91815.898444713719073, 100213.148462596102036 ], [ 91812.320332710369257, 100219.429678600718034 ], [ 91809.156236706505297, 100238.429678617903846 ], [ 91797.351564696116839, 100259.507822637853678 ], [ 91783.023436682662577, 100271.296878649678547 ], [ 91767.851532668661093, 100279.726574656466255 ], [ 91748.164044650577125, 100281.937518659527996 ], [ 91735.976588637800887, 100290.062510667805327 ], [ 91728.710924631566741, 100305.226542681019055 ], [ 91720.593740624783095, 100323.203118697259924 ], [ 91718.453132621158147, 100336.023406709326082 ], [ 91723.601548626771546, 100356.437486728420481 ], [ 91721.914060624971171, 100368.656238739800756 ], [ 91717.703116622331436, 100379.203118750156136 ], [ 91716.460632171190809, 100382.43737549695652 ], [ 91716.740242302694242, 100390.427432997152209 ], [ 91717.356777802517172, 100401.887024144161842 ], [ 91768.187468668722431, 100421.039086788528948 ], [ 91783.312524682623916, 100426.742190794728231 ], [ 91976.22427349089412, 100499.446317999143503 ], [ 92070.914060949711711, 100535.132782896340359 ], [ 92302.859405166964279, 100621.492206975788577 ], [ 92303.070285166701069, 100621.570286975227646 ], [ 92306.945293169279466, 100623.023406977954437 ], [ 92310.703117174547515, 100624.45310297839751 ], [ 92318.859405181443435, 100627.523438980555511 ], [ 92440.031245294303517, 100673.226543022945407 ], [ 92568.093773412532755, 100725.968751074018655 ], [ 92645.750029486007406, 100752.570287098220433 ], [ 92670.828109508060152, 100764.773423108825227 ], [ 92705.601549542159773, 100711.781231060143909 ], [ 92741.343757575610653, 100660.710959011616069 ], [ 92797.523405626707245, 100573.898414930343279 ], [ 92843.484365669733961, 100500.703150863089832 ], [ 92894.55470171754132, 100427.500014795048628 ], [ 93015.41409382969141, 100250.460910630325088 ], [ 93092.015629901376087, 100138.109358525893185 ], [ 93163.515597967547365, 100035.968750429557986 ], [ 93238.414094038162148, 99923.617198325140635 ], [ 93280.367182076792233, 99862.195310269657057 ] ] ] ] } },
{ "type": "Feature", "properties": { "OBJECTID": 602, "AREA": 89938.1, "PERIMETER": 1445.67, "BAR_": 603, "BAR_ID": 439, "NOMB_BARR": "TUNDAMA", "BAR_COD": "004515", "FORMA": 93, "COD_ZONA": "S", "COD_LOC": "08", "ACTUALIZ": 0, "Shape_Leng": 1445.6743163599999, "Shape_Area": 88862.368709200004 }, "geometry": { "type": "MultiPolygon", "coordinates": [ [ [ [ 92046.765644926897949, 100706.656239054587786 ], [ 92051.757836932156351, 100704.859375052517862 ], [ 92064.992204945214326, 100702.132783051929437 ], [ 92165.828109037698596, 100677.226543026568834 ], [ 92219.820301089508575, 100659.242159011046169 ], [ 92285.498946963300114, 100629.38434974210395 ], [ 92302.859405166964279, 100621.492206975788577 ], [ 92070.914060949711711, 100535.132782896340359 ], [ 91976.22427349089412, 100499.446317999143503 ], [ 91783.312524682623916, 100426.742190794728231 ], [ 91768.187468668722431, 100421.039086788528948 ], [ 91717.356777802517172, 100401.887024144161842 ], [ 91718.818717697518878, 100429.060209563322132 ], [ 91717.834841645744746, 100469.90375294527621 ], [ 91711.168848351560882, 100485.049318771110848 ], [ 91712.031244615456671, 100488.39063885223004 ], [ 91712.031244615456671, 100489.257838852819987 ], [ 91713.875020616906113, 100508.882798870748957 ], [ 91778.164044677730999, 100621.132782976404997 ], [ 91788.765644686747692, 100621.132782976404997 ], [ 91791.546892691156245, 100626.101550979379681 ], [ 91864.640652758927899, 100658.109359009831678 ], [ 91928.656268817634555, 100690.117167040298227 ], [ 91977.859404863949749, 100713.523439060605597 ], [ 91991.453132877111784, 100726.617199074084056 ], [ 91991.734348876299919, 100726.468719073716784 ], [ 92038.226572919855244, 100709.726575058957678 ], [ 92046.765644926897949, 100706.656239054587786 ] ] ] ] } },
{ "type": "Feature", "properties": { "OBJECTID": 610, "AREA": 267665.0, "PERIMETER": 3050.94, "BAR_": 611, "BAR_ID": 444, "NOMB_BARR": "GUADALUPE", "BAR_COD": "004563", "FORMA": 97, "COD_ZONA": "S", "COD_LOC": "19", "ACTUALIZ": 0, "Shape_Leng": 3050.9436624099999, "Shape_Area": 24356.511372000001 }, "geometry": { "type": "MultiPolygon", "coordinates": [ [ [ [ 91955.618082145767403, 99930.426343195518712 ], [ 91968.477398958508275, 99930.090202182225767 ], [ 91971.595835300438921, 99930.497555370806367 ], [ 91973.289036859685439, 99911.046894315135432 ], [ 91753.093772654945496, 99936.421870338657754 ], [ 91708.673841204377823, 99948.699865232847515 ], [ 91718.611261011814349, 99973.873827533301665 ], [ 91721.931564952334156, 99979.826787525220425 ], [ 91725.58788893072051, 99985.584490852386807 ], [ 91729.572351139111561, 99991.123595635101083 ], [ 91733.86929922568379, 99996.420428166151396 ], [ 91738.455310327932239, 100001.467244856554316 ], [ 91743.33027321753616, 100006.232738725317176 ], [ 91748.470876158142346, 100010.717131238154252 ], [ 91753.861688901306479, 100014.904492476751329 ], [ 91759.478844473298523, 100018.763847487629391 ], [ 91765.314794289122801, 100022.287231320486171 ], [ 91771.346004766746773, 100025.490242410480278 ], [ 91777.541282373073045, 100028.333940802724101 ], [ 91783.892856541904621, 100030.810472166529507 ], [ 91790.385186265280936, 100032.927469822316198 ], [ 91796.978752526454628, 100034.661923926832969 ], [ 91803.658458302073996, 100036.013281482286402 ], [ 91810.416422097565373, 100036.982095704210224 ], [ 91817.213236053401488, 100037.560069934741477 ], [ 91824.025699552701553, 100037.747646836534841 ], [ 91830.76777780833072, 100036.989596995728789 ], [ 91837.470889089643606, 100035.716253838487319 ], [ 91844.095848686993122, 100034.09897667702171 ], [ 91850.627226478594821, 100032.130132435297128 ], [ 91857.04914852467482, 100029.833173810271546 ], [ 91863.337970052642049, 100027.192613319639349 ], [ 91869.486253705836134, 100024.231461115501588 ], [ 91875.462917315031518, 100020.958124884054996 ], [ 91881.267627870634897, 100017.372051469777944 ], [ 91886.876851775101386, 100013.48917106204317 ], [ 91892.275158955497318, 100009.317338111548452 ], [ 91897.447008383853245, 100004.871929627654026 ], [ 91902.376747932765284, 100000.160910707287258 ], [ 91907.056274110873346, 99995.200100800298969 ], [ 91911.548528597457334, 99989.988946404511807 ], [ 91915.892143295423011, 99984.723254620766966 ], [ 91920.10299218230648, 99979.36397451692028 ], [ 91924.196727354457835, 99973.903030289860908 ], [ 91928.157585691587883, 99968.348276452481514 ], [ 91931.985678208759055, 99962.707678017250146 ], [ 91935.688664428249467, 99956.973269876165432 ], [ 91939.251225229963893, 99951.153017141696182 ], [ 91942.672916589290253, 99945.254442328092409 ], [ 91945.96195311480551, 99939.277877276239451 ], [ 91949.110342225802015, 99933.230955155508127 ], [ 91955.618082145767403, 99930.426343195518712 ] ] ], [ [ [ 91989.953100875005475, 99984.718766383550246 ], [ 91989.953100875005475, 99977.345231347804656 ], [ 91987.782646182720782, 99982.441475610496127 ], [ 91984.290462619479513, 99988.293143568211235 ], [ 91980.009341650235001, 99993.652420601516496 ], [ 91973.259307667074609, 100003.621146667879657 ], [ 91963.157920050376561, 100010.019668409528094 ], [ 91957.986246227330412, 100028.769739354509511 ], [ 91945.962923588798731, 100046.715153260724037 ], [ 91930.400654397890321, 100062.355812884808984 ], [ 91908.494721105220378, 100078.215437567807385 ], [ 91902.322863493027398, 100093.660798719283775 ], [ 91901.788376492550015, 100095.234384599491023 ], [ 91901.875020793711883, 100095.140654485599953 ], [ 91914.515596803859808, 100090.929710480733775 ], [ 91928.843724817314069, 100083.757806473964592 ], [ 91940.226572828934877, 100074.906222466917825 ], [ 91952.023436840056092, 100060.999982453737175 ], [ 91954.97658884266275, 100050.890606444416335 ], [ 91957.07815684324305, 100038.242158433480654 ], [ 91961.296844848096953, 100028.546862422954291 ], [ 91968.039052855310729, 100018.859374413907062 ], [ 91977.7343488636252, 100006.632814403244993 ], [ 91983.632780868065311, 99996.945326394212316 ], [ 91989.953100875005475, 99984.718766383550246 ] ] ], [ [ [ 91893.445324784712284, 100122.531246511687641 ], [ 91893.771619095467031, 100118.780187031865353 ], [ 91877.956295065552695, 100140.465639659028966 ], [ 91840.011352769623045, 100166.887690683826804 ], [ 91822.659920737904031, 100185.567490226298105 ], [ 91790.387167023669463, 100240.700418246080517 ], [ 91737.934407561493572, 100274.911770000529941 ], [ 91714.770969644581783, 100334.154072266726871 ], [ 91716.460632171190809, 100382.43737549695652 ], [ 91717.703116622331436, 100379.203118750156136 ], [ 91721.914060624971171, 100368.656238739800756 ], [ 91723.601548626771546, 100356.437486728420481 ], [ 91718.453132621158147, 100336.023406709326082 ], [ 91720.593740624783095, 100323.203118697259924 ], [ 91728.710924631566741, 100305.226542681019055 ], [ 91735.976588637800887, 100290.062510667805327 ], [ 91748.164044650577125, 100281.937518659527996 ], [ 91767.851532668661093, 100279.726574656466255 ], [ 91783.023436682662577, 100271.296878649678547 ], [ 91797.351564696116839, 100259.507822637853678 ], [ 91809.156236706505297, 100238.429678617903846 ], [ 91812.320332710369257, 100219.429678600718034 ], [ 91815.898444713719073, 100213.148462596102036 ], [ 91828.539084725372959, 100187.859374571300577 ], [ 91849.94529274458182, 100165.007790551579092 ], [ 91864.781260758521967, 100163.843758548813639 ], [ 91877.687500770800398, 100158.828142545724404 ], [ 91889.648460780837922, 100149.929710536351195 ], [ 91891.757836782911909, 100139.812526527763112 ], [ 91893.445324784712284, 100122.531246511687641 ] ] ] ] } },
{ "type": "Feature", "properties": { "OBJECTID": 625, "AREA": 623799.0, "PERIMETER": 4918.0, "BAR_": 626, "BAR_ID": 460, "NOMB_BARR": "ISLA DEL SOL", "BAR_COD": "002411", "FORMA": 99, "COD_ZONA": "S", "COD_LOC": "06", "ACTUALIZ": 0, "Shape_Leng": 4918.0031348499997, "Shape_Area": 14945.322133400001 }, "geometry": { "type": "MultiPolygon", "coordinates": [ [ [ [ 91973.289036859685439, 99911.046894315135432 ], [ 92037.281228918320267, 99903.671854306419846 ], [ 92196.382797067650245, 99886.15627029055031 ], [ 92300.015629164612619, 99872.203118277990143 ], [ 92360.445325220673112, 99872.203118277990143 ], [ 92429.906253284221748, 99880.835950286738807 ], [ 92471.460941324126907, 99887.062510291973012 ], [ 92471.831047975996626, 99871.695218959575868 ], [ 92470.053747269674204, 99871.210647947795223 ], [ 92440.397522273909999, 99862.929612094754702 ], [ 92363.014758904682822, 99855.930375054085744 ], [ 92295.733646174659953, 99859.134208094401401 ], [ 92201.023134747942095, 99865.752046078967396 ], [ 92124.0857505799504, 99870.682686028128956 ], [ 92051.195532145851757, 99878.683246765082004 ], [ 91819.305672450413113, 99907.42771425464889 ], [ 91764.938825393939624, 99916.287538318923907 ], [ 91712.024963151852717, 99937.295850830632844 ], [ 91705.236047389742453, 99939.991076272315695 ], [ 91708.673841204377823, 99948.699865232847515 ], [ 91753.093772654945496, 99936.421870338657754 ], [ 91973.289036859685439, 99911.046894315135432 ] ] ] ] } },
{ "type": "Feature", "properties": { "OBJECTID": 629, "AREA": 345469.0, "PERIMETER": 2605.61, "BAR_": 630, "BAR_ID": 461, "NOMB_BARR": "VENECIA OCCIDENTAL", "BAR_COD": "002403", "FORMA": 98, "COD_ZONA": "S", "COD_LOC": "06", "ACTUALIZ": 0, "Shape_Leng": 2605.60518112, "Shape_Area": 2623.8258906299998 }, "geometry": { "type": "MultiPolygon", "coordinates": [ [ [ [ 92946.150208323088009, 99912.315869801765075 ], [ 92865.584382677261601, 99915.300485851927078 ], [ 92779.584637163497973, 99916.30134056598763 ], [ 92706.584682106884429, 99908.302069506258704 ], [ 92620.584848929327563, 99901.302762662933674 ], [ 92499.4522050661908, 99879.225971636493341 ], [ 92471.831047975996626, 99871.695218959575868 ], [ 92471.460941324126907, 99887.062510291973012 ], [ 92490.875021342319087, 99886.789038290560711 ], [ 92523.523469371342799, 99892.054702297231415 ], [ 92566.343757412789273, 99898.367214302663342 ], [ 92606.015629448200343, 99904.335918307260727 ], [ 92687.468749525549356, 99914.085934316462954 ], [ 92798.023437627911335, 99920.132782321990817 ], [ 92881.218765705722035, 99919.078126321706804 ], [ 92946.150208323088009, 99912.315869801765075 ] ] ] ] } },
{ "type": "Feature", "properties": { "OBJECTID": 631, "AREA": 453502.0, "PERIMETER": 2819.41, "BAR_": 632, "BAR_ID": 463, "NOMB_BARR": "VENECIA", "BAR_COD": "002404", "FORMA": 97, "COD_ZONA": "S", "COD_LOC": "06", "ACTUALIZ": 0, "Shape_Leng": 2819.4061189899999, "Shape_Area": 1679.1776972099999 }, "geometry": { "type": "MultiPolygon", "coordinates": [ [ [ [ 93280.367182076792233, 99862.195310269657057 ], [ 93295.953102090279572, 99858.882798264719895 ], [ 93309.710926104598911, 99855.984366262986441 ], [ 93315.810493849552586, 99854.980031447616057 ], [ 93314.582623870941461, 99851.29655521150562 ], [ 93018.583875558353611, 99904.299053702183301 ], [ 92947.689972218155162, 99912.176910002017394 ], [ 92991.789069808844943, 99910.656238314200891 ], [ 93155.36718195922731, 99886.789038290560711 ], [ 93280.367182076792233, 99862.195310269657057 ] ] ] ] } },
{ "type": "Feature", "properties": { "OBJECTID": 312, "AREA": 290724.0, "PERIMETER": 3670.41, "BAR_": 313, "BAR_ID": 3056, "NOMB_BARR": "VEREDA EL TINTAL II", "BAR_COD": "105102", "FORMA": 96, "COD_ZONA": "C", "COD_LOC": "09", "ACTUALIZ": 0, "Shape_Leng": 3670.39911674, "Shape_Area": 17339.880761799999 }, "geometry": { "type": "MultiPolygon", "coordinates": [ [ [ [ 93386.110375964752166, 106894.496791628946085 ], [ 93380.939897140866378, 106877.640833160839975 ], [ 93380.773454171227058, 106878.273460802331101 ], [ 93384.562510173607734, 106918.609396840824047 ], [ 93384.125006172558642, 106919.156276839901693 ], [ 93383.804686173272785, 106919.539060842289473 ], [ 93383.476558172493242, 106919.92184484245081 ], [ 93383.148430171713699, 106920.296884842624422 ], [ 93382.476558171591023, 106921.031220843622577 ], [ 93382.13281417224789, 106921.398452842287952 ], [ 93381.781262171411072, 106921.757812842406565 ], [ 93381.429710170574253, 106922.109364843228832 ], [ 93381.070286171190673, 106922.46091684406565 ], [ 93380.71092617107206, 106922.796852844126988 ], [ 93380.343758169459761, 106923.148468844243325 ], [ 93379.976590170073905, 106923.476532845757902 ], [ 93379.601550169900293, 106923.812468845804688 ], [ 93379.218766169738956, 106924.140596846598783 ], [ 93378.453134167910321, 106924.781236845170497 ], [ 93378.062478166975779, 106925.093748847401002 ], [ 93377.265614168034517, 106925.703156846633647 ], [ 93376.8672141670977, 106925.999988846597262 ], [ 93376.460942165387678, 106926.289076846558601 ], [ 93376.046862166607752, 106926.578100847225869 ], [ 93375.632782165615936, 106926.859380847905413 ], [ 93375.218766166130081, 106927.132788847811753 ], [ 93374.796878163630026, 106927.406260849209502 ], [ 93374.374990163356415, 106927.671860849834047 ], [ 93373.515598164260155, 106928.187508849601727 ], [ 93373.085966163998819, 106928.429684850168996 ], [ 93372.648462162964279, 106928.679668850018061 ], [ 93372.210958161915187, 106928.906228849824402 ], [ 93371.7656461615843, 106929.148468849685742 ], [ 93371.320334161267965, 106929.367156850916217 ], [ 93370.87502216095163, 106929.593780850002076 ], [ 93370.421902161353501, 106929.812468851247104 ], [ 93369.968718160249409, 106930.023412850263412 ], [ 93369.507790159143042, 106930.226548852238921 ], [ 93369.054670159544912, 106930.421876850479748 ], [ 93368.593742158453097, 106930.617204850961571 ], [ 93368.125006158079486, 106930.796852851373842 ], [ 93367.656270157705876, 106930.976564851065632 ], [ 93367.195342156614061, 106931.156276852983865 ], [ 93366.718734157679137, 106931.32811685190245 ], [ 93366.249998157305527, 106931.492212853045203 ], [ 93365.77345415543823, 106931.648436853414751 ], [ 93364.820302154636011, 106931.953140851925127 ], [ 93364.335950155713363, 106932.093748853731086 ], [ 93363.859406153831515, 106932.218740852549672 ], [ 93363.374990153402905, 106932.34373285358015 ], [ 93362.890638154480257, 106932.460916853116942 ], [ 93362.398414152557962, 106932.578100852653733 ], [ 93361.914062153620762, 106932.687476852923282 ], [ 93361.421902153204428, 106932.789044853911037 ], [ 93360.437518150851247, 106932.976564852870069 ], [ 93359.453134150724509, 106933.132788853239617 ], [ 93358.960910151014104, 106933.203124854902853 ], [ 93358.460942149089533, 106933.273460854339646 ], [ 93357.968718149379129, 106933.32811685372144 ], [ 93357.468750147469109, 106933.382836854594643 ], [ 93356.96871814847691, 106933.429684854694642 ], [ 93356.468750146552338, 106933.468724853300955 ], [ 93355.976590146136004, 106933.500020854131435 ], [ 93296.734350092883687, 106943.539060864015482 ], [ 93249.54689404842793, 106958.601588877747417 ], [ 93194.320333996642148, 106992.726580909555196 ], [ 93132.070285939174937, 107061.023412973270752 ], [ 93115.664781583327567, 107118.032549325318541 ], [ 93134.863101936891326, 107118.186189667598228 ], [ 93146.503718109830515, 107117.232714941987069 ], [ 93173.870713887707097, 107102.303053696232382 ], [ 93192.206327292558854, 107078.912197586992988 ], [ 93211.385934850972262, 107059.810539512123796 ], [ 93227.424751940809074, 107049.638566259905929 ], [ 93239.62782331003109, 107037.755723633497837 ], [ 93260.854136774403742, 107019.89609755561105 ], [ 93277.611710582117666, 107007.435073785789427 ], [ 93288.775650415424025, 106993.802126022783341 ], [ 93294.697306483532884, 106984.575562910962617 ], [ 93310.884741594898514, 106968.317750781076029 ], [ 93327.853263685290585, 106953.31754620753054 ], [ 93344.392280218715314, 106942.887734698058921 ], [ 93353.50160432116536, 106941.965675895567983 ], [ 93379.954546921522706, 106933.12967698610737 ], [ 93385.688912794867065, 106927.707650726864813 ], [ 93390.884069142688531, 106920.770154594036285 ], [ 93394.454182406450855, 106907.527850458704052 ], [ 93386.110375964752166, 106894.496791628946085 ] ] ], [ [ [ 92538.517253484751564, 107191.866688946116483 ], [ 92536.171853382998961, 107191.039093093189877 ], [ 92535.899187443734263, 107191.175426062822226 ], [ 92538.517253484751564, 107191.866688946116483 ] ] ], [ [ [ 93085.442096149228746, 107203.717711926234188 ], [ 93085.787033412489109, 107199.703364336310187 ], [ 93068.574232858954929, 107223.613726796713308 ], [ 93079.598585375148105, 107216.99894966649299 ], [ 93085.442096149228746, 107203.717711926234188 ] ] ], [ [ [ 92517.232682975387434, 107204.176187907141866 ], [ 92524.066630599903874, 107197.091704484744696 ], [ 92516.093773365471861, 107201.078133103073924 ], [ 92504.04686135299562, 107215.132789117342327 ], [ 92500.323289231193485, 107228.156279796836316 ], [ 92504.146963051636703, 107223.676282478423673 ], [ 92509.803113343921723, 107214.191900825710036 ], [ 92517.232682975387434, 107204.176187907141866 ] ] ], [ [ [ 92553.242189400043571, 107197.062517098675016 ], [ 92547.3503562938713, 107194.983529965073103 ], [ 92555.02941920698504, 107206.293110174621688 ], [ 92560.334424123298959, 107219.636811729127658 ], [ 92563.568765641088248, 107230.472509616040043 ], [ 92568.8813145676977, 107244.06644746598613 ], [ 92573.585870900133159, 107246.656649169774028 ], [ 92569.304717414677725, 107240.226549139450071 ], [ 92564.28903741009708, 107217.140597118428559 ], [ 92553.242189400043571, 107197.062517098675016 ] ] ], [ [ [ 92600.529812682114425, 107256.68331280683924 ], [ 92607.392605384840863, 107253.93555736176495 ], [ 92597.871271249983693, 107255.936554046056699 ], [ 92600.529812682114425, 107256.68331280683924 ] ] ], [ [ [ 92467.491318835527636, 107272.473482803092338 ], [ 92478.428735024528578, 107269.567029879210168 ], [ 92483.585049639339559, 107262.785787256842013 ], [ 92483.786540283152135, 107261.954684325392009 ], [ 92455.156237308910931, 107270.999989167714375 ], [ 92452.968781305185985, 107269.999989166797604 ], [ 92442.257805295914295, 107260.29688515921589 ], [ 92431.453133286428056, 107254.898421154473908 ], [ 92427.273421283112839, 107252.601589150479413 ], [ 92419.726541275478667, 107251.703093151270878 ], [ 92416.334441547514871, 107252.135999964128132 ], [ 92421.827091097540688, 107254.153561398299644 ], [ 92441.999084239592776, 107263.528350421882351 ], [ 92452.803953803682816, 107270.762630950121093 ], [ 92467.491318835527636, 107272.473482803092338 ] ] ], [ [ [ 93020.880817542012664, 107293.061851912949351 ], [ 93021.96351390700147, 107290.653481026180089 ], [ 93018.867432036116952, 107295.705393721509608 ], [ 93020.880817542012664, 107293.061851912949351 ] ] ], [ [ [ 92693.804685531038558, 107247.273461147400667 ], [ 92662.679693501951988, 107238.226549137645634 ], [ 92634.570317476347554, 107243.249973142214003 ], [ 92617.117287067027064, 107250.519740294635994 ], [ 92623.70945028749702, 107248.667447911488125 ], [ 92634.560850483656395, 107246.190576579407207 ], [ 92648.779583169321995, 107247.713949883516761 ], [ 92663.818577085563447, 107252.510747278385679 ], [ 92678.107775162294274, 107257.830804399665794 ], [ 92687.560902562006959, 107262.237072927862755 ], [ 92695.787490241709747, 107268.932074550102698 ], [ 92703.014205190323992, 107275.900871251797071 ], [ 92712.271955454198178, 107283.845951301773312 ], [ 92719.514202294682036, 107291.830515930414549 ], [ 92729.670551592062111, 107307.103567636411753 ], [ 92745.584824438104988, 107318.486272392285173 ], [ 92758.412921093782643, 107327.126770735383616 ], [ 92764.163747896192945, 107329.923486770145246 ], [ 92726.937485561225913, 107282.406261179377907 ], [ 92693.804685531038558, 107247.273461147400667 ] ] ], [ [ [ 92785.531043657640112, 107350.576309930882417 ], [ 92783.183603903918993, 107348.943582442472689 ], [ 92783.905240987282014, 107349.985748177670757 ], [ 92785.531043657640112, 107350.576309930882417 ] ] ], [ [ [ 92985.498475601809332, 107341.593319854786387 ], [ 92989.134939923664206, 107336.341484321485041 ], [ 92958.754694860486779, 107370.398285008617677 ], [ 92961.65501750614203, 107368.882524937551352 ], [ 92971.326691419904819, 107357.054268545645755 ], [ 92979.146785016710055, 107348.522979571367614 ], [ 92985.498475601809332, 107341.593319854786387 ] ] ], [ [ [ 92925.209957648869022, 107386.000039162565372 ], [ 92945.584790860913927, 107377.281110493669985 ], [ 92956.123432767024497, 107371.773429261535057 ], [ 92918.710925739622326, 107371.773429261535057 ], [ 92857.46874968384509, 107378.789045268640621 ], [ 92826.216361982369563, 107368.372955045648268 ], [ 92838.553909186652163, 107373.094598833617056 ], [ 92857.23356377815071, 107382.899045728234341 ], [ 92876.046012599908863, 107386.125465170058305 ], [ 92897.866292783801327, 107387.50025567279954 ], [ 92925.209957648869022, 107386.000039162565372 ] ] ] ] } },
{ "type": "Feature", "properties": { "OBJECTID": 559, "AREA": 283036.0, "PERIMETER": 2318.03, "BAR_": 560, "BAR_ID": 408, "NOMB_BARR": "CATALINA II", "BAR_COD": "004540", "FORMA": 97, "COD_ZONA": "S", "COD_LOC": "08", "ACTUALIZ": 0, "Shape_Leng": 2318.03772961, "Shape_Area": 283027.49910900003 }, "geometry": { "type": "MultiPolygon", "coordinates": [ [ [ [ 89904.028865178624983, 100891.411421276337933 ], [ 89894.519635451273643, 100887.610278103282326 ], [ 89893.148426922125509, 100887.17188722389983 ], [ 89892.965634582797065, 100886.989094266915345 ], [ 89892.460369830849231, 100886.787123789545149 ], [ 89885.499704210931668, 100879.523138675271184 ], [ 89874.203146903601009, 100868.226543206095812 ], [ 89873.413166361453477, 100866.909915194715722 ], [ 89871.49146243026189, 100864.904470670182491 ], [ 89866.546993576717796, 100855.46634799533058 ], [ 89863.374986894777976, 100850.179695189697668 ], [ 89857.062474889331497, 100838.453103178733727 ], [ 89845.507786878792103, 100815.070319155536708 ], [ 89835.570314867683919, 100805.921903148526326 ], [ 89823.679690857083187, 100795.148463138379157 ], [ 89816.460938850228558, 100789.726575131353457 ], [ 89800.187530835843063, 100784.046895127437892 ], [ 89782.179658818771713, 100787.023407130822306 ], [ 89767.742218804341974, 100791.539055134198861 ], [ 89750.601546790087014, 100788.828143131438992 ], [ 89730.750026770139812, 100782.523439125274308 ], [ 89707.289034748944687, 100775.296879119137884 ], [ 89679.320330722213839, 100771.687471114957589 ], [ 89655.867210701791919, 100768.078127112283255 ], [ 89623.382794670178555, 100763.570287108188495 ], [ 89587.296906636678614, 100756.351535101319314 ], [ 89557.523466609331081, 100752.74219109864498 ], [ 89528.656266583391698, 100749.132783094464685 ], [ 89509.703114564079442, 100750.039087095166906 ], [ 89469.00001052620064, 100758.609391103760572 ], [ 89422.187530482638977, 100768.078127112283255 ], [ 89409.867210472497391, 100770.71876711488585 ], [ 89414.765642476035282, 100808.656239149117027 ], [ 89465.953098524099914, 101239.828143550708774 ], [ 89705.21095474770118, 101395.226543696364388 ], [ 89707.210954749505618, 101397.898415698291501 ], [ 89707.929674749728292, 101398.851567699093721 ], [ 89715.49997875741974, 101408.953135709132766 ], [ 89733.781258774397429, 101424.937519725062884 ], [ 89738.351562777155777, 101437.507823735053535 ], [ 89741.781258781644283, 101462.656239758769516 ], [ 89752.070282791362843, 101482.078127776228939 ], [ 89760.187530797426007, 101497.468719791475451 ], [ 89760.890634799099644, 101508.539055800851202 ], [ 89774.046858811227139, 101508.023407801098074 ], [ 89801.875018837643438, 101560.851567850157153 ], [ 89825.476554859153111, 101579.382831866969354 ], [ 89843.382794875957188, 101583.453103870750056 ], [ 89873.093770902429242, 101588.53124787620618 ], [ 89883.062474912861944, 101597.281263884506188 ], [ 89884.695306915295077, 101521.578095813456457 ], [ 89888.765642918340745, 101505.710959798569093 ], [ 89883.468746912360075, 101505.710959798569093 ], [ 89897.000010924661183, 101186.40625550247205 ], [ 89904.028865178624983, 100891.411421276337933 ] ] ] ] } },
{ "type": "Feature", "properties": { "OBJECTID": 565, "AREA": 297400.0, "PERIMETER": 2566.64, "BAR_": 566, "BAR_ID": 413, "NOMB_BARR": "ALQUERIA LA FRAGUA N.", "BAR_COD": "004542", "FORMA": 97, "COD_ZONA": "S", "COD_LOC": "08", "ACTUALIZ": 0, "Shape_Leng": 2566.6446777299998, "Shape_Area": 296924.37398400001 }, "geometry": { "type": "MultiPolygon", "coordinates": [ [ [ [ 94223.587639726800262, 101326.578396292519756 ], [ 94180.7578389144619, 101254.460911565605784 ], [ 94125.914062865049345, 101171.593775487868697 ], [ 94078.320334818883566, 101100.210927421940141 ], [ 94051.429710794705898, 101049.453103374136845 ], [ 94008.226574753818568, 100982.367215312580811 ], [ 94000.000014746794477, 100972.921903304115403 ], [ 93978.453134726471035, 100948.187503279885277 ], [ 93958.000014708770323, 100919.046895251827664 ], [ 93862.257806618799805, 100772.226543116994435 ], [ 93845.492174602492014, 100746.20311909118027 ], [ 93817.703118576173438, 100711.406255059264367 ], [ 93750.617166515323333, 100613.031278967464459 ], [ 93737.101582503091777, 100591.500014947931049 ], [ 93728.062478492618538, 100576.468718933509081 ], [ 93660.390606429631589, 100680.773423030594131 ], [ 93587.578126362539479, 100813.859375155618181 ], [ 93534.843726312974468, 100904.250031238014344 ], [ 93492.156238274066709, 100992.140655321825761 ], [ 93459.515598244324792, 101049.890607375185937 ], [ 93427.460942213758244, 101111.531247431179509 ], [ 93768.367182531772414, 101250.773423562000971 ], [ 94000.000014746794477, 101347.656239652467775 ], [ 94278.153090007355786, 101440.249721775922808 ], [ 94258.204327860308695, 101396.689827156398678 ], [ 94223.587639726800262, 101326.578396292519756 ] ] ] ] } },
{ "type": "Feature", "properties": { "OBJECTID": 566, "AREA": 200267.0, "PERIMETER": 1871.91, "BAR_": 567, "BAR_ID": 410, "NOMB_BARR": "TEJAR", "BAR_COD": "004408", "FORMA": 97, "COD_ZONA": "S", "COD_LOC": "16", "ACTUALIZ": 0, "Shape_Leng": 1871.90593605, "Shape_Area": 3082.0317599499999 }, "geometry": { "type": "MultiPolygon", "coordinates": [ [ [ [ 93985.875053083029343, 100940.547039509081515 ], [ 93978.453134726471035, 100948.187503279885277 ], [ 94000.000014746794477, 100972.921903304115403 ], [ 94008.226574753818568, 100982.367215312580811 ], [ 94051.429710794705898, 101049.453103374136845 ], [ 94078.320334818883566, 101100.210927421940141 ], [ 94125.914062865049345, 101171.593775487868697 ], [ 94180.7578389144619, 101254.460911565605784 ], [ 94223.587639726800262, 101326.578396292519756 ], [ 94206.867481973356917, 101292.713972873374587 ], [ 94148.147940190276131, 101186.824161880780593 ], [ 93985.875053083029343, 100940.547039509081515 ] ] ] ] } },
{ "type": "Feature", "properties": { "OBJECTID": 570, "AREA": 212768.0, "PERIMETER": 2225.13, "BAR_": 571, "BAR_ID": 415, "NOMB_BARR": "LA CECILIA", "BAR_COD": "004532", "FORMA": 98, "COD_ZONA": "S", "COD_LOC": "08", "ACTUALIZ": 0, "Shape_Leng": 2225.1386985899999, "Shape_Area": 212002.62937000001 }, "geometry": { "type": "MultiPolygon", "coordinates": [ [ [ [ 89465.953098524099914, 101239.828143550708774 ], [ 89414.765642476035282, 100808.656239149117027 ], [ 89409.867210472497391, 100770.71876711488585 ], [ 89400.874237194671878, 100770.392682167643216 ], [ 89391.452816113305744, 100773.08109208442329 ], [ 89370.710726324905409, 100771.354888137473608 ], [ 89335.467946553122601, 100766.325958117085975 ], [ 89300.578122369450284, 100763.54686310813122 ], [ 89203.19792533229338, 100780.522212470154045 ], [ 89195.703363498294493, 100783.020464562097914 ], [ 89121.375485653188662, 100795.989987092878437 ], [ 89116.287875270470977, 100795.525976041535614 ], [ 89057.093770143939764, 100805.726575148059055 ], [ 89058.000010145362467, 100809.203119150421117 ], [ 89057.804682144895196, 100813.710959154530428 ], [ 89057.67174861591775, 100815.713877548114397 ], [ 89057.852553655844531, 100818.03740507645125 ], [ 89057.852702319476521, 100834.122266832622699 ], [ 89058.195338143617846, 100840.382831180395442 ], [ 89060.156234145310009, 100856.851567195248208 ], [ 89061.531274148612283, 100868.617199204818462 ], [ 89061.921866148040863, 100879.398447216459317 ], [ 89060.546890146259102, 100890.968751227774192 ], [ 89058.195338143617846, 100904.296879238099791 ], [ 89055.062474141304847, 100918.81252725275408 ], [ 89051.335946139079169, 100931.156271265179384 ], [ 89045.843722132631228, 100942.6328152747883 ], [ 89036.039050124047208, 100955.671855287364451 ], [ 89021.234378110952093, 100976.953135307063349 ], [ 89019.904293104249518, 100977.149256720906124 ], [ 89005.666946509634727, 101007.092081194306957 ], [ 88998.393389184318949, 100989.97494695239584 ], [ 88991.994934476955677, 100984.287619641720084 ], [ 88982.401133843042771, 100983.576702086254954 ], [ 88973.920973482250702, 100984.229683121928247 ], [ 88961.828106055836543, 100987.726575317210518 ], [ 88954.273418046694132, 100989.10155131900683 ], [ 88945.156234039008268, 100989.500015319223166 ], [ 88944.919118381047156, 100989.454191032156814 ], [ 88944.03408024366945, 100989.616062353321468 ], [ 88926.404824325902155, 100988.5619743525167 ], [ 88926.159526533345343, 100988.578398150668363 ], [ 88915.252942815292045, 100991.038175535111804 ], [ 88914.010746504238341, 100991.03819558917894 ], [ 88912.804682009213138, 100991.257839320460334 ], [ 88911.348382318552467, 100991.038238572349655 ], [ 88907.081171189827728, 100991.038307466282276 ], [ 88899.971788048991584, 100987.132091457708157 ], [ 88892.159101518889656, 100978.968146208135295 ], [ 88880.073059666654444, 100970.077798655824154 ], [ 88865.151183797686826, 100962.616971260911669 ], [ 88849.16682377064717, 100959.429662673486746 ], [ 88834.926913627554313, 100961.657802791974973 ], [ 88833.234377934146323, 100961.968751292035449 ], [ 88807.871924236460472, 100971.487922324420651 ], [ 88800.673715939716203, 100976.080229269849951 ], [ 88797.601545900950441, 100978.273455307251425 ], [ 88792.203145897714421, 100983.77342331368709 ], [ 88786.132809890623321, 100994.226543322351063 ], [ 88781.296905887240428, 101004.460911332687829 ], [ 88778.148425884151948, 101020.773423347185599 ], [ 88777.81248988409061, 101031.781231358632795 ], [ 88780.398409885820001, 101050.453103375039063 ], [ 88784.218761889016605, 101068.656239393312717 ], [ 88789.390601894687279, 101081.023407403554302 ], [ 88797.148425901352311, 101089.898415412884788 ], [ 88799.254906447400572, 101091.891032145824283 ], [ 88803.027550542756217, 101093.398388267727569 ], [ 88811.855851603701012, 101096.929608787904726 ], [ 88819.639006526893354, 101098.484261209305259 ], [ 88821.656265923549654, 101098.453103420702973 ], [ 88828.968777932124794, 101099.570287421141984 ], [ 88853.359369953279383, 101107.218735427552019 ], [ 88870.671881970891263, 101110.867183432565071 ], [ 88877.861845415754942, 101112.090451468306128 ], [ 88881.503768802096602, 101112.471711741163745 ], [ 88882.476553981279721, 101112.546863432857208 ], [ 88883.937481983288308, 101112.546863432857208 ], [ 88885.398409983070451, 101112.500015432771761 ], [ 88888.406281986564863, 101112.500015432771761 ], [ 88890.546889987963368, 101112.796847432706272 ], [ 88892.820297989674145, 101113.203119434430846 ], [ 88894.648457992559997, 101114.500015434576198 ], [ 88895.656265992744011, 101115.296879435729352 ], [ 88896.814637561576092, 101116.082741114601959 ], [ 88897.488626490492607, 101116.467869479296496 ], [ 88900.239575078783673, 101116.904045434654108 ], [ 88901.90624999802094, 101116.60158343736839 ], [ 88904.148426000407198, 101116.796847436329699 ], [ 88905.273418002354447, 101117.296879437548341 ], [ 88907.382794004428433, 101118.500015438185073 ], [ 88908.226570004961104, 101119.398447440340533 ], [ 88908.359473108444945, 101119.718268927303143 ], [ 88912.274128977296641, 101121.789309473897447 ], [ 88915.820298012709827, 101122.976559443690348 ], [ 88960.062474053105689, 101134.390639452409232 ], [ 89154.742218234023312, 101220.539055533547071 ], [ 89192.796874270017724, 101248.179695558777894 ], [ 89199.125002276225132, 101256.203119566067471 ], [ 89218.273418294498697, 101270.406255580717698 ], [ 89233.24999430803291, 101279.671855589476763 ], [ 89285.960906356034684, 101314.882799622399034 ], [ 89311.32813837955473, 101254.289071564475307 ], [ 89349.726538417104166, 101161.749999479186954 ], [ 89401.570314463795512, 101198.02340751166048 ], [ 89465.953098524099914, 101239.828143550708774 ] ] ] ] } },
{ "type": "Feature", "properties": { "OBJECTID": 576, "AREA": 104319.0, "PERIMETER": 1878.04, "BAR_": 577, "BAR_ID": 421, "NOMB_BARR": "NUEVA YORK", "BAR_COD": "004549", "FORMA": 98, "COD_ZONA": "S", "COD_LOC": "08", "ACTUALIZ": 0, "Shape_Leng": 1878.0424345, "Shape_Area": 104319.34004 }, "geometry": { "type": "MultiPolygon", "coordinates": [ [ [ [ 93284.078094080454321, 101039.656239364834619 ], [ 93261.14062205980008, 101032.312495359161403 ], [ 93184.906253987501259, 101001.070319328311598 ], [ 93182.835917986260029, 101000.109359328227583 ], [ 93152.296845957069308, 100985.898415314324666 ], [ 93103.109389910809114, 100965.351535294917994 ], [ 93019.320333833820769, 100929.679663263115799 ], [ 92895.531277718400816, 100879.406255215741112 ], [ 92789.281229618893121, 100834.859375174622983 ], [ 92749.343757582857506, 100819.226543159515131 ], [ 92719.890637554781279, 100805.79684714821633 ], [ 92726.773453561589122, 100822.679663164060912 ], [ 92745.99220557929948, 100869.851567207020707 ], [ 92819.632781646883814, 101076.632815400487743 ], [ 92841.031245668331394, 101130.640623450861312 ], [ 92847.960909672998241, 101127.882799446495483 ], [ 92984.445325800959836, 101112.976559432412614 ], [ 93021.671885836462025, 101108.023407427986967 ], [ 93113.492173922248185, 101135.312495454607415 ], [ 93175.531277978472644, 101170.06251148643787 ], [ 93249.984398049477022, 101204.796847518198774 ], [ 93309.539086103453883, 101237.062511549287592 ], [ 93334.359374126390321, 101249.468719560361933 ], [ 93356.695310148585122, 101227.132783540393575 ], [ 93369.101582158938982, 101204.796847518198774 ], [ 93309.539086103453883, 101172.539055487897713 ], [ 93269.835918067212333, 101132.843759452429367 ], [ 93217.718734018388204, 101070.79684739469667 ], [ 93215.27342201625288, 101068.078127392669558 ], [ 93226.078094025739119, 101054.75780737939931 ], [ 93251.148430050030584, 101066.460911391026457 ], [ 93281.242190076663974, 101076.492207398681785 ], [ 93292.101582087023417, 101078.999983401692589 ], [ 93284.078094080454321, 101039.656239364834619 ] ] ] ] } },
{ "type": "Feature", "properties": { "OBJECTID": 577, "AREA": 140759.0, "PERIMETER": 1655.37, "BAR_": 578, "BAR_ID": 3070, "NOMB_BARR": "RENANIA URAPANES", "BAR_COD": "004582", "FORMA": 97, "COD_ZONA": "S", "COD_LOC": "08", "ACTUALIZ": 0, "Shape_Leng": 1655.3767903600001, "Shape_Area": 140761.24513900001 }, "geometry": { "type": "MultiPolygon", "coordinates": [ [ [ [ 92318.859405181443435, 100627.523438980555511 ], [ 92310.703117174547515, 100624.45310297839751 ], [ 92306.945293169279466, 100623.023406977954437 ], [ 92303.070285166701069, 100621.570286975227646 ], [ 92302.859405166964279, 100621.492206975788577 ], [ 92285.498946963300114, 100629.38434974210395 ], [ 92219.820301089508575, 100659.242159011046169 ], [ 92165.828109037698596, 100677.226543026568834 ], [ 92064.992204945214326, 100702.132783051929437 ], [ 92051.757836932156351, 100704.859375052517862 ], [ 92046.765644926897949, 100706.656239054587786 ], [ 92188.18746905993612, 101032.593775357629056 ], [ 92172.789069045422366, 101070.023407393600792 ], [ 92167.382797039186698, 101083.156271404965082 ], [ 92142.328141017176677, 101144.093743462231942 ], [ 92347.806685677103815, 101243.628646213255706 ], [ 92348.476557209141902, 101243.953135555362678 ], [ 92443.031245297024725, 101112.476591432714486 ], [ 92354.656269214276108, 100770.703151114110369 ], [ 92318.859405181443435, 100627.523438980555511 ] ] ] ] } },
{ "type": "Feature", "properties": { "OBJECTID": 578, "AREA": 281494.0, "PERIMETER": 2694.34, "BAR_": 579, "BAR_ID": 3086, "NOMB_BARR": "SANTA CATALINA", "BAR_COD": "004584", "FORMA": 93, "COD_ZONA": "S", "COD_LOC": "08", "ACTUALIZ": 0, "Shape_Leng": 2694.32622266, "Shape_Area": 281495.74323099997 }, "geometry": { "type": "MultiPolygon", "coordinates": [ [ [ [ 92167.382797039186698, 101083.156271404965082 ], [ 92172.789069045422366, 101070.023407393600792 ], [ 92188.18746905993612, 101032.593775357629056 ], [ 92046.765644926897949, 100706.656239054587786 ], [ 92038.226572919855244, 100709.726575058957678 ], [ 91991.734348876299919, 100726.468719073716784 ], [ 91991.453132877111784, 100726.617199074084056 ], [ 91950.640652838977985, 100747.429679094115272 ], [ 91816.468748712853994, 100820.101551161613315 ], [ 91477.945292399032041, 100944.953135278105037 ], [ 91421.601548344566254, 100963.562479294341756 ], [ 91209.039052148407791, 101033.781231360451784 ], [ 91064.96878001348523, 101101.953135422401829 ], [ 91146.328140089128283, 101148.343727465689881 ], [ 91162.820300104038324, 101158.187503476598067 ], [ 91194.257804133128957, 101176.960943494006642 ], [ 91227.382796164034517, 101226.27345553835039 ], [ 91426.414092349412385, 101215.27345552839688 ], [ 91502.499980421343935, 101206.27345552026236 ], [ 91525.906252441651304, 101203.500015517347492 ], [ 91649.343756558460882, 101181.898415498362738 ], [ 91738.83591664164851, 101212.757807526839315 ], [ 91749.640652650414268, 101205.039087520272005 ], [ 91756.578124656589353, 101195.781231511500664 ], [ 91761.98439666282502, 101186.523439502008841 ], [ 91788.984396687272238, 101164.156271480489522 ], [ 91818.296844714233885, 101151.796847470235662 ], [ 91813.671884709881851, 101138.703151458263164 ], [ 91937.109388826691429, 101094.718767416998162 ], [ 91947.914060836163117, 101086.226543407829013 ], [ 91955.624972843448631, 101078.523439402051736 ], [ 91970.281228857696988, 101068.476591392885894 ], [ 91988.031244874131517, 101060.773423385602655 ], [ 92000.374988884330378, 101058.460911383779603 ], [ 92129.789069004298653, 101060.726575385502656 ], [ 92140.632781014603097, 101063.937519387240172 ], [ 92167.382797039186698, 101083.156271404965082 ] ] ] ] } },
{ "type": "Feature", "properties": { "OBJECTID": 586, "AREA": 670922.0, "PERIMETER": 3411.9, "BAR_": 587, "BAR_ID": 427, "NOMB_BARR": "ALQUERIA LA FRAGUA", "BAR_COD": "004543", "FORMA": 97, "COD_ZONA": "S", "COD_LOC": "08", "ACTUALIZ": 0, "Shape_Leng": 3411.8958437599999, "Shape_Area": 670921.83065799996 }, "geometry": { "type": "MultiPolygon", "coordinates": [ [ [ [ 93728.062478492618538, 100576.468718933509081 ], [ 93714.82030248027877, 100554.45310291282658 ], [ 93689.039054457272869, 100516.406254878340405 ], [ 93671.515598440630129, 100494.38283085837611 ], [ 93645.984398416752811, 100454.578094821146806 ], [ 93637.976590410238714, 100440.312494807847543 ], [ 93598.421902372137993, 100380.976558752168785 ], [ 93547.609358325673384, 100301.132782677916111 ], [ 93538.851534318091581, 100286.617198664767784 ], [ 93521.078094301599776, 100260.343726639825036 ], [ 93504.054670283949235, 100239.5468626205693 ], [ 93474.015630255977158, 100192.492206576440367 ], [ 93443.47655822901288, 100144.687470531964209 ], [ 93411.687502199085429, 100095.382830486167222 ], [ 93388.15623817773303, 100059.578094452561345 ], [ 93368.132814157361281, 100031.789038426242769 ], [ 93345.476558138107066, 99999.124974396429025 ], [ 93328.96091012164834, 99968.335918367403792 ], [ 93322.320334114701836, 99946.679662346825353 ], [ 93314.562510108036804, 99912.390638315380784 ], [ 93309.710926104598911, 99855.984366262986441 ], [ 93295.953102090279572, 99858.882798264719895 ], [ 93280.367182076792233, 99862.195310269657057 ], [ 93238.414094038162148, 99923.617198325140635 ], [ 93163.515597967547365, 100035.968750429557986 ], [ 93092.015629901376087, 100138.109358525893185 ], [ 93015.41409382969141, 100250.460910630325088 ], [ 92894.55470171754132, 100427.500014795048628 ], [ 92843.484365669733961, 100500.703150863089832 ], [ 92797.523405626707245, 100573.898414930343279 ], [ 92741.343757575610653, 100660.710959011616069 ], [ 92705.601549542159773, 100711.781231060143909 ], [ 92670.828109508060152, 100764.773423108825227 ], [ 92696.656269532672013, 100785.773423127830029 ], [ 92719.890637554781279, 100805.79684714821633 ], [ 92749.343757582857506, 100819.226543159515131 ], [ 92789.281229618893121, 100834.859375174622983 ], [ 92895.531277718400816, 100879.406255215741112 ], [ 93019.320333833820769, 100929.679663263115799 ], [ 93103.109389910809114, 100965.351535294917994 ], [ 93152.296845957069308, 100985.898415314324666 ], [ 93182.835917986260029, 101000.109359328227583 ], [ 93184.906253987501259, 101001.070319328311598 ], [ 93261.14062205980008, 101032.312495359161403 ], [ 93284.078094080454321, 101039.656239364834619 ], [ 93323.914062117022695, 101052.406255376758054 ], [ 93356.56251014827285, 101072.492207395058358 ], [ 93411.804686198622221, 101105.132783425535308 ], [ 93427.460942213758244, 101111.531247431179509 ], [ 93459.515598244324792, 101049.890607375185937 ], [ 93492.156238274066709, 100992.140655321825761 ], [ 93534.843726312974468, 100904.250031238014344 ], [ 93587.578126362539479, 100813.859375155618181 ], [ 93660.390606429631589, 100680.773423030594131 ], [ 93728.062478492618538, 100576.468718933509081 ] ] ] ] } },
{ "type": "Feature", "properties": { "OBJECTID": 587, "AREA": 221930.0, "PERIMETER": 2467.99, "BAR_": 588, "BAR_ID": 412, "NOMB_BARR": "BOITA", "BAR_COD": "004516", "FORMA": 97, "COD_ZONA": "S", "COD_LOC": "08", "ACTUALIZ": 0, "Shape_Leng": 2467.9859722299998, "Shape_Area": 221651.21068700001 }, "geometry": { "type": "MultiPolygon", "coordinates": [ [ [ [ 91991.453132877111784, 100726.617199074084056 ], [ 91977.859404863949749, 100713.523439060605597 ], [ 91928.656268817634555, 100690.117167040298227 ], [ 91864.640652758927899, 100658.109359009831678 ], [ 91791.546892691156245, 100626.101550979379681 ], [ 91788.765644686747692, 100621.132782976404997 ], [ 91778.164044677730999, 100621.132782976404997 ], [ 91713.875020616906113, 100508.882798870748957 ], [ 91713.960908617838868, 100509.781230870663421 ], [ 91707.125004610425094, 100527.523438887830707 ], [ 91688.570316593555617, 100542.523438901407644 ], [ 91661.507788568953401, 100544.328110904956702 ], [ 91624.515596534751239, 100547.039086907010642 ], [ 91592.937484506051987, 100547.937518906925106 ], [ 91570.382796483347192, 100547.937518906925106 ], [ 91561.359372475140844, 100550.640622910403181 ], [ 91551.681343726886553, 100562.963006068166578 ], [ 91549.034733278749627, 100570.475443154311506 ], [ 91545.539084460368031, 100580.953134937561117 ], [ 91527.070284444416757, 100602.976558957525413 ], [ 91502.710924420360243, 100627.343726980849169 ], [ 91486.125004405970685, 100637.812526991780032 ], [ 91482.032938549775281, 100640.440361900808057 ], [ 91460.729325717271422, 100657.650932502001524 ], [ 91447.746288861773792, 100672.249813172747963 ], [ 91441.848191328841494, 100679.501889099003165 ], [ 91428.734348351223161, 100695.898415045201546 ], [ 91407.078156332150684, 100718.460911064976244 ], [ 91374.601548302045558, 100741.023407086962834 ], [ 91358.359372286984581, 100748.226543093041983 ], [ 91324.976588254736271, 100755.453103101404849 ], [ 91296.101580229529645, 100759.960943105499609 ], [ 91277.359372211460141, 100761.88279910638812 ], [ 91251.898444187740097, 100757.25003110273974 ], [ 91232.953100169921527, 100758.156271101935999 ], [ 91225.531276162597351, 100761.242159105589963 ], [ 91219.414092157632695, 100769.882799113620422 ], [ 91213.132812151510734, 100786.250031128991395 ], [ 91208.445324147003703, 100805.156271146697691 ], [ 91208.311080220199074, 100805.370210050037713 ], [ 91200.269206040335121, 100839.23581345778075 ], [ 91197.628846105973935, 100858.501417568171746 ], [ 91188.663320289109834, 100864.357241899997462 ], [ 91175.210956115843146, 100880.85937521624146 ], [ 91153.554700095264707, 100897.093743232020643 ], [ 91124.835916068201186, 100908.093743241974153 ], [ 91098.515596045384882, 100919.656239254021784 ], [ 91069.648460018725018, 100936.796847268997226 ], [ 91025.437515977668227, 100966.570287296344759 ], [ 91007.125003959139576, 100973.726575304550352 ], [ 91004.687499956286047, 100974.687471305340296 ], [ 91000.000011953990906, 100977.328111307942891 ], [ 90977.648459933247068, 100989.898415317933541 ], [ 91000.000011953990906, 101018.578095344899339 ], [ 91064.96878001348523, 101101.953135422401829 ], [ 91209.039052148407791, 101033.781231360451784 ], [ 91421.601548344566254, 100963.562479294341756 ], [ 91477.945292399032041, 100944.953135278105037 ], [ 91816.468748712853994, 100820.101551161613315 ], [ 91950.640652838977985, 100747.429679094115272 ], [ 91991.453132877111784, 100726.617199074084056 ] ] ] ] } },
{ "type": "Feature", "properties": { "OBJECTID": 589, "AREA": 724253.0, "PERIMETER": 3713.82, "BAR_": 590, "BAR_ID": 432, "NOMB_BARR": "VILLA DEL RIO", "BAR_COD": "004546", "FORMA": 93, "COD_ZONA": "S", "COD_LOC": "07", "ACTUALIZ": 0, "Shape_Leng": 3713.82046068, "Shape_Area": 7579.4433736000001 }, "geometry": { "type": "MultiPolygon", "coordinates": [ [ [ [ 91561.359372475140844, 100550.640622910403181 ], [ 91570.382796483347192, 100547.937518906925106 ], [ 91592.937484506051987, 100547.937518906925106 ], [ 91624.515596534751239, 100547.039086907010642 ], [ 91661.507788568953401, 100544.328110904956702 ], [ 91688.570316593555617, 100542.523438901407644 ], [ 91707.125004610425094, 100527.523438887830707 ], [ 91713.960908617838868, 100509.781230870663421 ], [ 91713.875020616906113, 100508.882798870748957 ], [ 91712.031244615456671, 100489.257838852819987 ], [ 91712.031244615456671, 100488.39063885223004 ], [ 91711.168848351560882, 100485.049318771110848 ], [ 91707.811590831304784, 100492.677223951672204 ], [ 91682.311790140272933, 100515.880492183365277 ], [ 91605.87456321035279, 100528.654546732868766 ], [ 91568.851421571293031, 100525.912818225115188 ], [ 91556.804551551060285, 100548.420716139255092 ], [ 91551.681343726886553, 100562.963006068166578 ], [ 91561.359372475140844, 100550.640622910403181 ] ] ], [ [ [ 91545.539084460368031, 100580.953134937561117 ], [ 91549.034733278749627, 100570.475443154311506 ], [ 91547.523699216530076, 100574.764532371002133 ], [ 91496.485265017588972, 100628.764746738044778 ], [ 91482.032938549775281, 100640.440361900808057 ], [ 91486.125004405970685, 100637.812526991780032 ], [ 91502.710924420360243, 100627.343726980849169 ], [ 91527.070284444416757, 100602.976558957525413 ], [ 91545.539084460368031, 100580.953134937561117 ] ] ], [ [ [ 91447.746288861773792, 100672.249813172747963 ], [ 91460.729325717271422, 100657.650932502001524 ], [ 91457.493385379391839, 100660.265154797816649 ], [ 91447.746288861773792, 100672.249813172747963 ] ] ], [ [ [ 91232.953100169921527, 100758.156271101935999 ], [ 91251.898444187740097, 100757.25003110273974 ], [ 91277.359372211460141, 100761.88279910638812 ], [ 91296.101580229529645, 100759.960943105499609 ], [ 91324.976588254736271, 100755.453103101404849 ], [ 91358.359372286984581, 100748.226543093041983 ], [ 91374.601548302045558, 100741.023407086962834 ], [ 91407.078156332150684, 100718.460911064976244 ], [ 91428.734348351223161, 100695.898415045201546 ], [ 91441.848191328841494, 100679.501889099003165 ], [ 91429.142178529422381, 100695.124718156017479 ], [ 91388.400508558683214, 100723.054738380538765 ], [ 91354.306957447581226, 100740.375145345809869 ], [ 91320.783747626526747, 100746.789641750830924 ], [ 91284.502474980778061, 100746.086756475415314 ], [ 91260.901028678257717, 100747.469782647269312 ], [ 91242.119745752483141, 100749.407536830112804 ], [ 91225.5808908247418, 100757.173244002158754 ], [ 91216.635672423872165, 100770.314036357231089 ], [ 91208.311080220199074, 100805.370210050037713 ], [ 91208.445324147003703, 100805.156271146697691 ], [ 91213.132812151510734, 100786.250031128991395 ], [ 91219.414092157632695, 100769.882799113620422 ], [ 91225.531276162597351, 100761.242159105589963 ], [ 91232.953100169921527, 100758.156271101935999 ] ] ], [ [ [ 91175.210956115843146, 100880.85937521624146 ], [ 91188.663320289109834, 100864.357241899997462 ], [ 91181.839907946516178, 100868.813946931797545 ], [ 90991.73993477881595, 100975.089024890155997 ], [ 90973.03178314701654, 100986.420079017902026 ], [ 90977.648459933247068, 100989.898415317933541 ], [ 91000.000011953990906, 100977.328111307942891 ], [ 91004.687499956286047, 100974.687471305340296 ], [ 91007.125003959139576, 100973.726575304550352 ], [ 91025.437515977668227, 100966.570287296344759 ], [ 91069.648460018725018, 100936.796847268997226 ], [ 91098.515596045384882, 100919.656239254021784 ], [ 91124.835916068201186, 100908.093743241974153 ], [ 91153.554700095264707, 100897.093743232020643 ], [ 91175.210956115843146, 100880.85937521624146 ] ] ] ] } },
{ "type": "Feature", "properties": { "OBJECTID": 590, "AREA": 945386.0, "PERIMETER": 4441.34, "BAR_": 591, "BAR_ID": 429, "NOMB_BARR": "CEMENTERIO JARDINES APOGEO", "BAR_COD": "004529", "FORMA": 2000, "COD_ZONA": "S", "COD_LOC": "07", "ACTUALIZ": 0, "Shape_Leng": 4441.3392870600001, "Shape_Area": 174374.63670599999 }, "geometry": { "type": "MultiPolygon", "coordinates": [ [ [ [ 89203.19792533229338, 100780.522212470154045 ], [ 89300.578122369450284, 100763.54686310813122 ], [ 89335.467946553122601, 100766.325958117085975 ], [ 89334.413844601556775, 100766.175544189667562 ], [ 89306.757602197481901, 100762.714787585297017 ], [ 89229.406254420318874, 100771.785876122696209 ], [ 89203.19792533229338, 100780.522212470154045 ] ] ], [ [ [ 88984.818705598343513, 100522.882482355242246 ], [ 88925.185973209445365, 100516.828491371983546 ], [ 88895.795433842926286, 100522.883417380231549 ], [ 88875.920654603585717, 100535.844519100530306 ], [ 88869.006676131277345, 100551.39911910428782 ], [ 88874.194373779726448, 100576.469430242053932 ], [ 88872.030159483067109, 100607.47659096235293 ], [ 88872.47655397222843, 100607.47659096235293 ], [ 88878.156233976158546, 100629.500014982317225 ], [ 88881.015625979285687, 100641.531246994723915 ], [ 88887.307265088777058, 100653.53430360960192 ], [ 88912.218721707860823, 100678.445380545526859 ], [ 88942.695920589205343, 100698.497075472449069 ], [ 88948.11719404089672, 100701.500015049692593 ], [ 88964.031242057390045, 100709.046895057341317 ], [ 88983.203146075014956, 100720.671855068023433 ], [ 88988.234888320119353, 100725.093805378186516 ], [ 88988.273694068688201, 100725.116312441023183 ], [ 88999.115337994517176, 100733.752957538439659 ], [ 89004.414090095262509, 100737.601583083262085 ], [ 89020.937482109497068, 100748.007791092531988 ], [ 89028.281226117382175, 100755.351535100417095 ], [ 89029.858601697240374, 100758.593550133460667 ], [ 89038.898936138110003, 100766.381431360990973 ], [ 89045.313120851846179, 100773.607896302477457 ], [ 89050.680370525107719, 100786.862832752201939 ], [ 89052.906250139130861, 100789.992175131978001 ], [ 89056.624970142060192, 100803.906223146666889 ], [ 89057.093770143939764, 100805.726575148059055 ], [ 89116.287875270470977, 100795.525976041535614 ], [ 89111.867798689607298, 100795.122846827915055 ], [ 89102.359951240126975, 100782.162000669268309 ], [ 89080.750217508742935, 100742.404467933141859 ], [ 89081.617353265653946, 100730.302871002204483 ], [ 89088.906027755030664, 100698.990645285666687 ], [ 89091.554427754672361, 100690.56075165317452 ], [ 89093.718169585306896, 100673.967036821515649 ], [ 89095.640030398615636, 100662.881051248667063 ], [ 89099.764967922237702, 100655.107550268046907 ], [ 89098.038107854314148, 100632.63114382972708 ], [ 89090.256559200934134, 100596.342266678228043 ], [ 89075.568681332748383, 100554.858251315527014 ], [ 89038.404586982243927, 100530.655449361205683 ], [ 88984.818705598343513, 100522.882482355242246 ] ] ], [ [ [ 89845.053450350678759, 100790.147249324829318 ], [ 89848.693680912081618, 100760.975262520136312 ], [ 89850.521635344077367, 100729.069109425705392 ], [ 89847.786941145241144, 100696.248889358525048 ], [ 89835.935170645490871, 100676.186637706967304 ], [ 89818.614887372910744, 100671.624209679823252 ], [ 89793.08359518830548, 100673.460524957816233 ], [ 89764.825897350878222, 100669.804484184860485 ], [ 89746.591574409394525, 100665.249955946695991 ], [ 89729.270996300198021, 100645.195642799182679 ], [ 89718.325485067194677, 100616.031654178616009 ], [ 89717.419013306382112, 100589.578548426186899 ], [ 89725.621844947396312, 100564.055061687977286 ], [ 89735.645042724965606, 100540.351971838419558 ], [ 89742.941692691572825, 100510.265983693301678 ], [ 89736.558737590923556, 100489.297434375417652 ], [ 89727.441355353206745, 100479.266200645142817 ], [ 89713.769630363050965, 100478.360184888952062 ], [ 89697.355563447374152, 100483.828954529861221 ], [ 89670.004155710994382, 100492.946417397120968 ], [ 89632.121451977611287, 100498.368687860114733 ], [ 89589.121646542727831, 100504.040946184482891 ], [ 89540.442051597492537, 100510.189781860113726 ], [ 89517.754698658391135, 100504.986865090875654 ], [ 89488.926507619020413, 100496.479455159234931 ], [ 89440.246837276616134, 100476.159618710255018 ], [ 89391.574947629633243, 100465.761715001892298 ], [ 89365.106208379656891, 100460.558761019521626 ], [ 89348.567031591403065, 100450.645001488490379 ], [ 89324.465496547054499, 100435.989010867429897 ], [ 89310.285681549270521, 100429.379668319539633 ], [ 89291.379553701946861, 100435.98927810692112 ], [ 89264.442458025892847, 100470.966051497642184 ], [ 89256.888145491800969, 100484.676954723079689 ], [ 89246.013097872433718, 100505.466148599807639 ], [ 89241.286764093412785, 100520.590960332177929 ], [ 89235.146325710389647, 100536.184769805448013 ], [ 89229.94334810350847, 100554.614542162729776 ], [ 89233.255959350120975, 100566.903594242408872 ], [ 89246.959291521387058, 100584.379920168867102 ], [ 89263.029628752847202, 100604.715719094572705 ], [ 89282.404801532349666, 100614.629462417506147 ], [ 89304.615651273154072, 100627.394809964986052 ], [ 89324.04548525105929, 100641.715002151671797 ], [ 89349.967363034083974, 100650.355433644901495 ], [ 89389.725452862810926, 100678.011243380053202 ], [ 89413.928716560680186, 100714.307950455680839 ], [ 89422.569666411465732, 100745.424746912671253 ], [ 89415.655901884063496, 100766.174722521522199 ], [ 89400.874237194671878, 100770.392682167643216 ], [ 89409.867210472497391, 100770.71876711488585 ], [ 89422.187530482638977, 100768.078127112283255 ], [ 89469.00001052620064, 100758.609391103760572 ], [ 89509.703114564079442, 100750.039087095166906 ], [ 89528.656266583391698, 100749.132783094464685 ], [ 89557.523466609331081, 100752.74219109864498 ], [ 89587.296906636678614, 100756.351535101319314 ], [ 89623.382794670178555, 100763.570287108188495 ], [ 89655.867210701791919, 100768.078127112283255 ], [ 89679.320330722213839, 100771.687471114957589 ], [ 89707.289034748944687, 100775.296879119137884 ], [ 89730.750026770139812, 100782.523439125274308 ], [ 89750.601546790087014, 100788.828143131438992 ], [ 89767.742218804341974, 100791.539055134198861 ], [ 89782.179658818771713, 100787.023407130822306 ], [ 89800.187530835843063, 100784.046895127437892 ], [ 89816.460938850228558, 100789.726575131353457 ], [ 89823.679690857083187, 100795.148463138379157 ], [ 89835.570314867683919, 100805.921903148526326 ], [ 89845.507786878792103, 100815.070319155536708 ], [ 89857.062474889331497, 100838.453103178733727 ], [ 89863.374986894777976, 100850.179695189697668 ], [ 89866.546993576717796, 100855.46634799533058 ], [ 89861.460045580490259, 100845.756257661050768 ], [ 89849.608294612669852, 100818.420588196182507 ], [ 89845.053450350678759, 100790.147249324829318 ] ] ], [ [ [ 89885.499704210931668, 100879.523138675271184 ], [ 89873.413166361453477, 100866.909915194715722 ], [ 89874.203146903601009, 100868.226543206095812 ], [ 89885.499704210931668, 100879.523138675271184 ] ] ], [ [ [ 89894.519635451273643, 100887.610278103282326 ], [ 89892.965634582797065, 100886.989094266915345 ], [ 89893.148426922125509, 100887.17188722389983 ], [ 89894.519635451273643, 100887.610278103282326 ] ] ], [ [ [ 89969.497558610150008, 100900.912067698809551 ], [ 89983.374987005605362, 100899.796847235498717 ], [ 89991.415848008240573, 100900.604781730799004 ], [ 89984.538518078712514, 100899.544011947029503 ], [ 89969.497558610150008, 100900.912067698809551 ] ] ], [ [ [ 90050.179122827088577, 100916.871599940772285 ], [ 90023.220013552563614, 100906.258935869758716 ], [ 90040.210955059767002, 100917.851567252684617 ], [ 90054.648459073476261, 100925.968751259453711 ], [ 90095.585985084893764, 100944.788083035891759 ], [ 90085.733972609450575, 100939.667984668194549 ], [ 90050.179122827088577, 100916.871599940772285 ] ] ], [ [ [ 90252.11706981532916, 101028.549044080500607 ], [ 90237.338147559130448, 101021.380367801699322 ], [ 90256.742219260224374, 101032.429679358698195 ], [ 90279.304715282210964, 101040.54686336548184 ], [ 90287.336365507057053, 101041.654854007108952 ], [ 90252.11706981532916, 101028.549044080500607 ] ] ] ] } },
{ "type": "Feature", "properties": { "OBJECTID": 592, "AREA": 406537.0, "PERIMETER": 3084.37, "BAR_": 593, "BAR_ID": 431, "NOMB_BARR": "ALQUERIA", "BAR_COD": "004409", "FORMA": 97, "COD_ZONA": "S", "COD_LOC": "16", "ACTUALIZ": 0, "Shape_Leng": 3084.36632788, "Shape_Area": 18868.746817300002 }, "geometry": { "type": "MultiPolygon", "coordinates": [ [ [ [ 93985.875053083029343, 100940.547039509081515 ], [ 93364.857451611504075, 99998.045611457637278 ], [ 93351.583554923476186, 99961.295720725291176 ], [ 93336.583224355432321, 99917.295961036608787 ], [ 93315.810493849552586, 99854.980031447616057 ], [ 93309.710926104598911, 99855.984366262986441 ], [ 93314.562510108036804, 99912.390638315380784 ], [ 93322.320334114701836, 99946.679662346825353 ], [ 93328.96091012164834, 99968.335918367403792 ], [ 93345.476558138107066, 99999.124974396429025 ], [ 93368.132814157361281, 100031.789038426242769 ], [ 93388.15623817773303, 100059.578094452561345 ], [ 93411.687502199085429, 100095.382830486167222 ], [ 93443.47655822901288, 100144.687470531964209 ], [ 93474.015630255977158, 100192.492206576440367 ], [ 93504.054670283949235, 100239.5468626205693 ], [ 93521.078094301599776, 100260.343726639825036 ], [ 93538.851534318091581, 100286.617198664767784 ], [ 93547.609358325673384, 100301.132782677916111 ], [ 93598.421902372137993, 100380.976558752168785 ], [ 93637.976590410238714, 100440.312494807847543 ], [ 93645.984398416752811, 100454.578094821146806 ], [ 93671.515598440630129, 100494.38283085837611 ], [ 93689.039054457272869, 100516.406254878340405 ], [ 93714.82030248027877, 100554.45310291282658 ], [ 93728.062478492618538, 100576.468718933509081 ], [ 93737.101582503091777, 100591.500014947931049 ], [ 93750.617166515323333, 100613.031278967464459 ], [ 93817.703118576173438, 100711.406255059264367 ], [ 93845.492174602492014, 100746.20311909118027 ], [ 93862.257806618799805, 100772.226543116994435 ], [ 93958.000014708770323, 100919.046895251827664 ], [ 93978.453134726471035, 100948.187503279885277 ], [ 93985.875053083029343, 100940.547039509081515 ] ] ] ] } }
]
}
